{
    "abilities": [
        {
            "ability": {
                "name": "steelworker",
                "url": "/api/v2/ability/200/"
            },
            "is_hidden": false,
            "slot": 1
        }
    ],
    "base_experience": 181,
    "forms": [
        {
            "name": "dhelmise",
            "url": "/api/v2/pokemon-form/781/"
        }
    ],
    "game_indices": [],
    "height": 39,
    "held_items": [],
    "id": 781,
    "is_default": true,
    "location_area_encounters": "/api/v2/pokemon/781/encounters",
    "moves": [
        {
            "move": {
                "name": "swords-dance",
                "url": "/api/v2/move/14/"
            },
            "version_group_details": [
                {
                    "level_learned_at": 0,
                    "move_learn_method": {
                        "name": "machine",
                        "url": "/api/v2/move-learn-method/4/"
                    },
                    "version_group": {
                        "name": "sun-moon",
                        "url": "/api/v2/version-group/17/"
                    }
                },
                {
                    "level_learned_at": 0,
                    "move_learn_method": {
                        "name": "machine",
                        "url": "/api/v2/move-learn-method/4/"
                    },
                    "version_group": {
                        "name": "ultra-sun-ultra-moon",
                        "url": "/api/v2/version-group/18/"
                    }
                }
            ]
        },
        {
            "move": {
                "name": "slam",
                "url": "/api/v2/move/21/"
            },
            "version_group_details": [
                {
                    "level_learned_at": 45,
                    "move_learn_method": {
                        "name": "level-up",
                        "url": "/api/v2/move-learn-method/1/"
                    },
                    "version_group": {
                        "name": "sun-moon",
                        "url": "/api/v2/version-group/17/"
                    }
                },
                {
                    "level_learned_at": 45,
                    "move_learn_method": {
                        "name": "level-up",
                        "url": "/api/v2/move-learn-method/1/"
                    },
                    "version_group": {
                        "name": "ultra-sun-ultra-moon",
                        "url": "/api/v2/version-group/18/"
                    }
                }
            ]
        },
        {
            "move": {
                "name": "wrap",
                "url": "/api/v2/move/35/"
            },
            "version_group_details": [
                {
                    "level_learned_at": 9,
                    "move_learn_method": {
                        "name": "level-up",
                        "url": "/api/v2/move-learn-method/1/"
                    },
                    "version_group": {
                        "name": "sun-moon",
                        "url": "/api/v2/version-group/17/"
                    }
                },
                {
                    "level_learned_at": 9,
                    "move_learn_method": {
                        "name": "level-up",
                        "url": "/api/v2/move-learn-method/1/"
                    },
                    "version_group": {
                        "name": "ultra-sun-ultra-moon",
                        "url": "/api/v2/version-group/18/"
                    }
                }
            ]
        },
        {
            "move": {
                "name": "surf",
                "url": "/api/v2/move/57/"
            },
            "version_group_details": [
                {
                    "level_learned_at": 0,
                    "move_learn_method": {
                        "name": "machine",
                        "url": "/api/v2/move-learn-method/4/"
                    },
                    "version_group": {
                        "name": "sun-moon",
                        "url": "/api/v2/version-group/17/"
                    }
                },
                {
                    "level_learned_at": 0,
                    "move_learn_method": {
                        "name": "machine",
                        "url": "/api/v2/move-learn-method/4/"
                    },
                    "version_group": {
                        "name": "ultra-sun-ultra-moon",
                        "url": "/api/v2/version-group/18/"
                    }
                }
            ]
        },
        {
            "move": {
                "name": "hyper-beam",
                "url": "/api/v2/move/63/"
            },
            "version_group_details": [
                {
                    "level_learned_at": 0,
                    "move_learn_method": {
                        "name": "machine",
                        "url": "/api/v2/move-learn-method/4/"
                    },
                    "version_group": {
                        "name": "sun-moon",
                        "url": "/api/v2/version-group/17/"
                    }
                },
                {
                    "level_learned_at": 0,
                    "move_learn_method": {
                        "name": "machine",
                        "url": "/api/v2/move-learn-method/4/"
                    },
                    "version_group": {
                        "name": "ultra-sun-ultra-moon",
                        "url": "/api/v2/version-group/18/"
                    }
                }
            ]
        },
        {
            "move": {
                "name": "absorb",
                "url": "/api/v2/move/71/"
            },
            "version_group_details": [
                {
                    "level_learned_at": 1,
                    "move_learn_method": {
                        "name": "level-up",
                        "url": "/api/v2/move-learn-method/1/"
                    },
                    "version_group": {
                        "name": "sun-moon",
                        "url": "/api/v2/version-group/17/"
                    }
                },
                {
                    "level_learned_at": 1,
                    "move_learn_method": {
                        "name": "level-up",
                        "url": "/api/v2/move-learn-method/1/"
                    },
                    "version_group": {
                        "name": "ultra-sun-ultra-moon",
                        "url": "/api/v2/version-group/18/"
                    }
                }
            ]
        },
        {
            "move": {
                "name": "mega-drain",
                "url": "/api/v2/move/72/"
            },
            "version_group_details": [
                {
                    "level_learned_at": 5,
                    "move_learn_method": {
                        "name": "level-up",
                        "url": "/api/v2/move-learn-method/1/"
                    },
                    "version_group": {
                        "name": "sun-moon",
                        "url": "/api/v2/version-group/17/"
                    }
                },
                {
                    "level_learned_at": 5,
                    "move_learn_method": {
                        "name": "level-up",
                        "url": "/api/v2/move-learn-method/1/"
                    },
                    "version_group": {
                        "name": "ultra-sun-ultra-moon",
                        "url": "/api/v2/version-group/18/"
                    }
                }
            ]
        },
        {
            "move": {
                "name": "growth",
                "url": "/api/v2/move/74/"
            },
            "version_group_details": [
                {
                    "level_learned_at": 1,
                    "move_learn_method": {
                        "name": "level-up",
                        "url": "/api/v2/move-learn-method/1/"
                    },
                    "version_group": {
                        "name": "sun-moon",
                        "url": "/api/v2/version-group/17/"
                    }
                },
                {
                    "level_learned_at": 1,
                    "move_learn_method": {
                        "name": "level-up",
                        "url": "/api/v2/move-learn-method/1/"
                    },
                    "version_group": {
                        "name": "ultra-sun-ultra-moon",
                        "url": "/api/v2/version-group/18/"
                    }
                }
            ]
        },
        {
            "move": {
                "name": "solar-beam",
                "url": "/api/v2/move/76/"
            },
            "version_group_details": [
                {
                    "level_learned_at": 0,
                    "move_learn_method": {
                        "name": "machine",
                        "url": "/api/v2/move-learn-method/4/"
                    },
                    "version_group": {
                        "name": "sun-moon",
                        "url": "/api/v2/version-group/17/"
                    }
                },
                {
                    "level_learned_at": 0,
                    "move_learn_method": {
                        "name": "machine",
                        "url": "/api/v2/move-learn-method/4/"
                    },
                    "version_group": {
                        "name": "ultra-sun-ultra-moon",
                        "url": "/api/v2/version-group/18/"
                    }
                }
            ]
        },
        {
            "move": {
                "name": "earthquake",
                "url": "/api/v2/move/89/"
            },
            "version_group_details": [
                {
                    "level_learned_at": 0,
                    "move_learn_method": {
                        "name": "machine",
                        "url": "/api/v2/move-learn-method/4/"
                    },
                    "version_group": {
                        "name": "sun-moon",
                        "url": "/api/v2/version-group/17/"
                    }
                },
                {
                    "level_learned_at": 0,
                    "move_learn_method": {
                        "name": "machine",
                        "url": "/api/v2/move-learn-method/4/"
                    },
                    "version_group": {
                        "name": "ultra-sun-ultra-moon",
                        "url": "/api/v2/version-group/18/"
                    }
                }
            ]
        },
        {
            "move": {
                "name": "toxic",
                "url": "/api/v2/move/92/"
            },
            "version_group_details": [
                {
                    "level_learned_at": 0,
                    "move_learn_method": {
                        "name": "machine",
                        "url": "/api/v2/move-learn-method/4/"
                    },
                    "version_group": {
                        "name": "sun-moon",
                        "url": "/api/v2/version-group/17/"
                    }
                },
                {
                    "level_learned_at": 0,
                    "move_learn_method": {
                        "name": "machine",
                        "url": "/api/v2/move-learn-method/4/"
                    },
                    "version_group": {
                        "name": "ultra-sun-ultra-moon",
                        "url": "/api/v2/version-group/18/"
                    }
                }
            ]
        },
        {
            "move": {
                "name": "double-team",
                "url": "/api/v2/move/104/"
            },
            "version_group_details": [
                {
                    "level_learned_at": 0,
                    "move_learn_method": {
                        "name": "machine",
                        "url": "/api/v2/move-learn-method/4/"
                    },
                    "version_group": {
                        "name": "sun-moon",
                        "url": "/api/v2/version-group/17/"
                    }
                },
                {
                    "level_learned_at": 0,
                    "move_learn_method": {
                        "name": "machine",
                        "url": "/api/v2/move-learn-method/4/"
                    },
                    "version_group": {
                        "name": "ultra-sun-ultra-moon",
                        "url": "/api/v2/version-group/18/"
                    }
                }
            ]
        },
        {
            "move": {
                "name": "rest",
                "url": "/api/v2/move/156/"
            },
            "version_group_details": [
                {
                    "level_learned_at": 0,
                    "move_learn_method": {
                        "name": "machine",
                        "url": "/api/v2/move-learn-method/4/"
                    },
                    "version_group": {
                        "name": "sun-moon",
                        "url": "/api/v2/version-group/17/"
                    }
                },
                {
                    "level_learned_at": 0,
                    "move_learn_method": {
                        "name": "machine",
                        "url": "/api/v2/move-learn-method/4/"
                    },
                    "version_group": {
                        "name": "ultra-sun-ultra-moon",
                        "url": "/api/v2/version-group/18/"
                    }
                }
            ]
        },
        {
            "move": {
                "name": "rock-slide",
                "url": "/api/v2/move/157/"
            },
            "version_group_details": [
                {
                    "level_learned_at": 0,
                    "move_learn_method": {
                        "name": "machine",
                        "url": "/api/v2/move-learn-method/4/"
                    },
                    "version_group": {
                        "name": "sun-moon",
                        "url": "/api/v2/version-group/17/"
                    }
                },
                {
                    "level_learned_at": 0,
                    "move_learn_method": {
                        "name": "machine",
                        "url": "/api/v2/move-learn-method/4/"
                    },
                    "version_group": {
                        "name": "ultra-sun-ultra-moon",
                        "url": "/api/v2/version-group/18/"
                    }
                }
            ]
        },
        {
            "move": {
                "name": "substitute",
                "url": "/api/v2/move/164/"
            },
            "version_group_details": [
                {
                    "level_learned_at": 0,
                    "move_learn_method": {
                        "name": "machine",
                        "url": "/api/v2/move-learn-method/4/"
                    },
                    "version_group": {
                        "name": "sun-moon",
                        "url": "/api/v2/version-group/17/"
                    }
                },
                {
                    "level_learned_at": 0,
                    "move_learn_method": {
                        "name": "machine",
                        "url": "/api/v2/move-learn-method/4/"
                    },
                    "version_group": {
                        "name": "ultra-sun-ultra-moon",
                        "url": "/api/v2/version-group/18/"
                    }
                }
            ]
        },
        {
            "move": {
                "name": "thief",
                "url": "/api/v2/move/168/"
            },
            "version_group_details": [
                {
                    "level_learned_at": 0,
                    "move_learn_method": {
                        "name": "machine",
                        "url": "/api/v2/move-learn-method/4/"
                    },
                    "version_group": {
                        "name": "sun-moon",
                        "url": "/api/v2/version-group/17/"
                    }
                },
                {
                    "level_learned_at": 0,
                    "move_learn_method": {
                        "name": "machine",
                        "url": "/api/v2/move-learn-method/4/"
                    },
                    "version_group": {
                        "name": "ultra-sun-ultra-moon",
                        "url": "/api/v2/version-group/18/"
                    }
                }
            ]
        },
        {
            "move": {
                "name": "protect",
                "url": "/api/v2/move/182/"
            },
            "version_group_details": [
                {
                    "level_learned_at": 0,
                    "move_learn_method": {
                        "name": "machine",
                        "url": "/api/v2/move-learn-method/4/"
                    },
                    "version_group": {
                        "name": "sun-moon",
                        "url": "/api/v2/version-group/17/"
                    }
                },
                {
                    "level_learned_at": 0,
                    "move_learn_method": {
                        "name": "machine",
                        "url": "/api/v2/move-learn-method/4/"
                    },
                    "version_group": {
                        "name": "ultra-sun-ultra-moon",
                        "url": "/api/v2/version-group/18/"
                    }
                }
            ]
        },
        {
            "move": {
                "name": "giga-drain",
                "url": "/api/v2/move/202/"
            },
            "version_group_details": [
                {
                    "level_learned_at": 23,
                    "move_learn_method": {
                        "name": "level-up",
                        "url": "/api/v2/move-learn-method/1/"
                    },
                    "version_group": {
                        "name": "sun-moon",
                        "url": "/api/v2/version-group/17/"
                    }
                },
                {
                    "level_learned_at": 23,
                    "move_learn_method": {
                        "name": "level-up",
                        "url": "/api/v2/move-learn-method/1/"
                    },
                    "version_group": {
                        "name": "ultra-sun-ultra-moon",
                        "url": "/api/v2/version-group/18/"
                    }
                }
            ]
        },
        {
            "move": {
                "name": "swagger",
                "url": "/api/v2/move/207/"
            },
            "version_group_details": [
                {
                    "level_learned_at": 0,
                    "move_learn_method": {
                        "name": "machine",
                        "url": "/api/v2/move-learn-method/4/"
                    },
                    "version_group": {
                        "name": "sun-moon",
                        "url": "/api/v2/version-group/17/"
                    }
                },
                {
                    "level_learned_at": 0,
                    "move_learn_method": {
                        "name": "machine",
                        "url": "/api/v2/move-learn-method/4/"
                    },
                    "version_group": {
                        "name": "ultra-sun-ultra-moon",
                        "url": "/api/v2/version-group/18/"
                    }
                }
            ]
        },
        {
            "move": {
                "name": "attract",
                "url": "/api/v2/move/213/"
            },
            "version_group_details": [
                {
                    "level_learned_at": 0,
                    "move_learn_method": {
                        "name": "machine",
                        "url": "/api/v2/move-learn-method/4/"
                    },
                    "version_group": {
                        "name": "sun-moon",
                        "url": "/api/v2/version-group/17/"
                    }
                },
                {
                    "level_learned_at": 0,
                    "move_learn_method": {
                        "name": "machine",
                        "url": "/api/v2/move-learn-method/4/"
                    },
                    "version_group": {
                        "name": "ultra-sun-ultra-moon",
                        "url": "/api/v2/version-group/18/"
                    }
                }
            ]
        },
        {
            "move": {
                "name": "sleep-talk",
                "url": "/api/v2/move/214/"
            },
            "version_group_details": [
                {
                    "level_learned_at": 0,
                    "move_learn_method": {
                        "name": "machine",
                        "url": "/api/v2/move-learn-method/4/"
                    },
                    "version_group": {
                        "name": "sun-moon",
                        "url": "/api/v2/version-group/17/"
                    }
                },
                {
                    "level_learned_at": 0,
                    "move_learn_method": {
                        "name": "machine",
                        "url": "/api/v2/move-learn-method/4/"
                    },
                    "version_group": {
                        "name": "ultra-sun-ultra-moon",
                        "url": "/api/v2/version-group/18/"
                    }
                }
            ]
        },
        {
            "move": {
                "name": "return",
                "url": "/api/v2/move/216/"
            },
            "version_group_details": [
                {
                    "level_learned_at": 0,
                    "move_learn_method": {
                        "name": "machine",
                        "url": "/api/v2/move-learn-method/4/"
                    },
                    "version_group": {
                        "name": "sun-moon",
                        "url": "/api/v2/version-group/17/"
                    }
                },
                {
                    "level_learned_at": 0,
                    "move_learn_method": {
                        "name": "machine",
                        "url": "/api/v2/move-learn-method/4/"
                    },
                    "version_group": {
                        "name": "ultra-sun-ultra-moon",
                        "url": "/api/v2/version-group/18/"
                    }
                }
            ]
        },
        {
            "move": {
                "name": "frustration",
                "url": "/api/v2/move/218/"
            },
            "version_group_details": [
                {
                    "level_learned_at": 0,
                    "move_learn_method": {
                        "name": "machine",
                        "url": "/api/v2/move-learn-method/4/"
                    },
                    "version_group": {
                        "name": "sun-moon",
                        "url": "/api/v2/version-group/17/"
                    }
                },
                {
                    "level_learned_at": 0,
                    "move_learn_method": {
                        "name": "machine",
                        "url": "/api/v2/move-learn-method/4/"
                    },
                    "version_group": {
                        "name": "ultra-sun-ultra-moon",
                        "url": "/api/v2/version-group/18/"
                    }
                }
            ]
        },
        {
            "move": {
                "name": "rapid-spin",
                "url": "/api/v2/move/229/"
            },
            "version_group_details": [
                {
                    "level_learned_at": 1,
                    "move_learn_method": {
                        "name": "level-up",
                        "url": "/api/v2/move-learn-method/1/"
                    },
                    "version_group": {
                        "name": "sun-moon",
                        "url": "/api/v2/version-group/17/"
                    }
                },
                {
                    "level_learned_at": 1,
                    "move_learn_method": {
                        "name": "level-up",
                        "url": "/api/v2/move-learn-method/1/"
                    },
                    "version_group": {
                        "name": "ultra-sun-ultra-moon",
                        "url": "/api/v2/version-group/18/"
                    }
                }
            ]
        },
        {
            "move": {
                "name": "hidden-power",
                "url": "/api/v2/move/237/"
            },
            "version_group_details": [
                {
                    "level_learned_at": 0,
                    "move_learn_method": {
                        "name": "machine",
                        "url": "/api/v2/move-learn-method/4/"
                    },
                    "version_group": {
                        "name": "sun-moon",
                        "url": "/api/v2/version-group/17/"
                    }
                },
                {
                    "level_learned_at": 0,
                    "move_learn_method": {
                        "name": "machine",
                        "url": "/api/v2/move-learn-method/4/"
                    },
                    "version_group": {
                        "name": "ultra-sun-ultra-moon",
                        "url": "/api/v2/version-group/18/"
                    }
                }
            ]
        },
        {
            "move": {
                "name": "rain-dance",
                "url": "/api/v2/move/240/"
            },
            "version_group_details": [
                {
                    "level_learned_at": 0,
                    "move_learn_method": {
                        "name": "machine",
                        "url": "/api/v2/move-learn-method/4/"
                    },
                    "version_group": {
                        "name": "sun-moon",
                        "url": "/api/v2/version-group/17/"
                    }
                },
                {
                    "level_learned_at": 0,
                    "move_learn_method": {
                        "name": "machine",
                        "url": "/api/v2/move-learn-method/4/"
                    },
                    "version_group": {
                        "name": "ultra-sun-ultra-moon",
                        "url": "/api/v2/version-group/18/"
                    }
                }
            ]
        },
        {
            "move": {
                "name": "sunny-day",
                "url": "/api/v2/move/241/"
            },
            "version_group_details": [
                {
                    "level_learned_at": 0,
                    "move_learn_method": {
                        "name": "machine",
                        "url": "/api/v2/move-learn-method/4/"
                    },
                    "version_group": {
                        "name": "sun-moon",
                        "url": "/api/v2/version-group/17/"
                    }
                },
                {
                    "level_learned_at": 0,
                    "move_learn_method": {
                        "name": "machine",
                        "url": "/api/v2/move-learn-method/4/"
                    },
                    "version_group": {
                        "name": "ultra-sun-ultra-moon",
                        "url": "/api/v2/version-group/18/"
                    }
                }
            ]
        },
        {
            "move": {
                "name": "shadow-ball",
                "url": "/api/v2/move/247/"
            },
            "version_group_details": [
                {
                    "level_learned_at": 36,
                    "move_learn_method": {
                        "name": "level-up",
                        "url": "/api/v2/move-learn-method/1/"
                    },
                    "version_group": {
                        "name": "sun-moon",
                        "url": "/api/v2/version-group/17/"
                    }
                },
                {
                    "level_learned_at": 0,
                    "move_learn_method": {
                        "name": "machine",
                        "url": "/api/v2/move-learn-method/4/"
                    },
                    "version_group": {
                        "name": "sun-moon",
                        "url": "/api/v2/version-group/17/"
                    }
                },
                {
                    "level_learned_at": 36,
                    "move_learn_method": {
                        "name": "level-up",
                        "url": "/api/v2/move-learn-method/1/"
                    },
                    "version_group": {
                        "name": "ultra-sun-ultra-moon",
                        "url": "/api/v2/version-group/18/"
                    }
                },
                {
                    "level_learned_at": 0,
                    "move_learn_method": {
                        "name": "machine",
                        "url": "/api/v2/move-learn-method/4/"
                    },
                    "version_group": {
                        "name": "ultra-sun-ultra-moon",
                        "url": "/api/v2/version-group/18/"
                    }
                }
            ]
        },
        {
            "move": {
                "name": "whirlpool",
                "url": "/api/v2/move/250/"
            },
            "version_group_details": [
                {
                    "level_learned_at": 27,
                    "move_learn_method": {
                        "name": "level-up",
                        "url": "/api/v2/move-learn-method/1/"
                    },
                    "version_group": {
                        "name": "sun-moon",
                        "url": "/api/v2/version-group/17/"
                    }
                },
                {
                    "level_learned_at": 27,
                    "move_learn_method": {
                        "name": "level-up",
                        "url": "/api/v2/move-learn-method/1/"
                    },
                    "version_group": {
                        "name": "ultra-sun-ultra-moon",
                        "url": "/api/v2/version-group/18/"
                    }
                }
            ]
        },
        {
            "move": {
                "name": "facade",
                "url": "/api/v2/move/263/"
            },
            "version_group_details": [
                {
                    "level_learned_at": 0,
                    "move_learn_method": {
                        "name": "machine",
                        "url": "/api/v2/move-learn-method/4/"
                    },
                    "version_group": {
                        "name": "sun-moon",
                        "url": "/api/v2/version-group/17/"
                    }
                },
                {
                    "level_learned_at": 0,
                    "move_learn_method": {
                        "name": "machine",
                        "url": "/api/v2/move-learn-method/4/"
                    },
                    "version_group": {
                        "name": "ultra-sun-ultra-moon",
                        "url": "/api/v2/version-group/18/"
                    }
                }
            ]
        },
        {
            "move": {
                "name": "brick-break",
                "url": "/api/v2/move/280/"
            },
            "version_group_details": [
                {
                    "level_learned_at": 0,
                    "move_learn_method": {
                        "name": "machine",
                        "url": "/api/v2/move-learn-method/4/"
                    },
                    "version_group": {
                        "name": "sun-moon",
                        "url": "/api/v2/version-group/17/"
                    }
                },
                {
                    "level_learned_at": 0,
                    "move_learn_method": {
                        "name": "machine",
                        "url": "/api/v2/move-learn-method/4/"
                    },
                    "version_group": {
                        "name": "ultra-sun-ultra-moon",
                        "url": "/api/v2/version-group/18/"
                    }
                }
            ]
        },
        {
            "move": {
                "name": "astonish",
                "url": "/api/v2/move/310/"
            },
            "version_group_details": [
                {
                    "level_learned_at": 1,
                    "move_learn_method": {
                        "name": "level-up",
                        "url": "/api/v2/move-learn-method/1/"
                    },
                    "version_group": {
                        "name": "sun-moon",
                        "url": "/api/v2/version-group/17/"
                    }
                },
                {
                    "level_learned_at": 1,
                    "move_learn_method": {
                        "name": "level-up",
                        "url": "/api/v2/move-learn-method/1/"
                    },
                    "version_group": {
                        "name": "ultra-sun-ultra-moon",
                        "url": "/api/v2/version-group/18/"
                    }
                }
            ]
        },
        {
            "move": {
                "name": "metal-sound",
                "url": "/api/v2/move/319/"
            },
            "version_group_details": [
                {
                    "level_learned_at": 18,
                    "move_learn_method": {
                        "name": "level-up",
                        "url": "/api/v2/move-learn-method/1/"
                    },
                    "version_group": {
                        "name": "sun-moon",
                        "url": "/api/v2/version-group/17/"
                    }
                },
                {
                    "level_learned_at": 18,
                    "move_learn_method": {
                        "name": "level-up",
                        "url": "/api/v2/move-learn-method/1/"
                    },
                    "version_group": {
                        "name": "ultra-sun-ultra-moon",
                        "url": "/api/v2/version-group/18/"
                    }
                }
            ]
        },
        {
            "move": {
                "name": "aerial-ace",
                "url": "/api/v2/move/332/"
            },
            "version_group_details": [
                {
                    "level_learned_at": 0,
                    "move_learn_method": {
                        "name": "machine",
                        "url": "/api/v2/move-learn-method/4/"
                    },
                    "version_group": {
                        "name": "sun-moon",
                        "url": "/api/v2/version-group/17/"
                    }
                },
                {
                    "level_learned_at": 0,
                    "move_learn_method": {
                        "name": "machine",
                        "url": "/api/v2/move-learn-method/4/"
                    },
                    "version_group": {
                        "name": "ultra-sun-ultra-moon",
                        "url": "/api/v2/version-group/18/"
                    }
                }
            ]
        },
        {
            "move": {
                "name": "gyro-ball",
                "url": "/api/v2/move/360/"
            },
            "version_group_details": [
                {
                    "level_learned_at": 14,
                    "move_learn_method": {
                        "name": "level-up",
                        "url": "/api/v2/move-learn-method/1/"
                    },
                    "version_group": {
                        "name": "sun-moon",
                        "url": "/api/v2/version-group/17/"
                    }
                },
                {
                    "level_learned_at": 0,
                    "move_learn_method": {
                        "name": "machine",
                        "url": "/api/v2/move-learn-method/4/"
                    },
                    "version_group": {
                        "name": "sun-moon",
                        "url": "/api/v2/version-group/17/"
                    }
                },
                {
                    "level_learned_at": 14,
                    "move_learn_method": {
                        "name": "level-up",
                        "url": "/api/v2/move-learn-method/1/"
                    },
                    "version_group": {
                        "name": "ultra-sun-ultra-moon",
                        "url": "/api/v2/version-group/18/"
                    }
                },
                {
                    "level_learned_at": 0,
                    "move_learn_method": {
                        "name": "machine",
                        "url": "/api/v2/move-learn-method/4/"
                    },
                    "version_group": {
                        "name": "ultra-sun-ultra-moon",
                        "url": "/api/v2/version-group/18/"
                    }
                }
            ]
        },
        {
            "move": {
                "name": "payback",
                "url": "/api/v2/move/371/"
            },
            "version_group_details": [
                {
                    "level_learned_at": 0,
                    "move_learn_method": {
                        "name": "machine",
                        "url": "/api/v2/move-learn-method/4/"
                    },
                    "version_group": {
                        "name": "sun-moon",
                        "url": "/api/v2/version-group/17/"
                    }
                },
                {
                    "level_learned_at": 0,
                    "move_learn_method": {
                        "name": "machine",
                        "url": "/api/v2/move-learn-method/4/"
                    },
                    "version_group": {
                        "name": "ultra-sun-ultra-moon",
                        "url": "/api/v2/version-group/18/"
                    }
                }
            ]
        },
        {
            "move": {
                "name": "embargo",
                "url": "/api/v2/move/373/"
            },
            "version_group_details": [
                {
                    "level_learned_at": 0,
                    "move_learn_method": {
                        "name": "machine",
                        "url": "/api/v2/move-learn-method/4/"
                    },
                    "version_group": {
                        "name": "sun-moon",
                        "url": "/api/v2/version-group/17/"
                    }
                },
                {
                    "level_learned_at": 0,
                    "move_learn_method": {
                        "name": "machine",
                        "url": "/api/v2/move-learn-method/4/"
                    },
                    "version_group": {
                        "name": "ultra-sun-ultra-moon",
                        "url": "/api/v2/version-group/18/"
                    }
                }
            ]
        },
        {
            "move": {
                "name": "energy-ball",
                "url": "/api/v2/move/412/"
            },
            "version_group_details": [
                {
                    "level_learned_at": 41,
                    "move_learn_method": {
                        "name": "level-up",
                        "url": "/api/v2/move-learn-method/1/"
                    },
                    "version_group": {
                        "name": "sun-moon",
                        "url": "/api/v2/version-group/17/"
                    }
                },
                {
                    "level_learned_at": 0,
                    "move_learn_method": {
                        "name": "machine",
                        "url": "/api/v2/move-learn-method/4/"
                    },
                    "version_group": {
                        "name": "sun-moon",
                        "url": "/api/v2/version-group/17/"
                    }
                },
                {
                    "level_learned_at": 41,
                    "move_learn_method": {
                        "name": "level-up",
                        "url": "/api/v2/move-learn-method/1/"
                    },
                    "version_group": {
                        "name": "ultra-sun-ultra-moon",
                        "url": "/api/v2/version-group/18/"
                    }
                },
                {
                    "level_learned_at": 0,
                    "move_learn_method": {
                        "name": "machine",
                        "url": "/api/v2/move-learn-method/4/"
                    },
                    "version_group": {
                        "name": "ultra-sun-ultra-moon",
                        "url": "/api/v2/version-group/18/"
                    }
                }
            ]
        },
        {
            "move": {
                "name": "switcheroo",
                "url": "/api/v2/move/415/"
            },
            "version_group_details": [
                {
                    "level_learned_at": 1,
                    "move_learn_method": {
                        "name": "level-up",
                        "url": "/api/v2/move-learn-method/1/"
                    },
                    "version_group": {
                        "name": "sun-moon",
                        "url": "/api/v2/version-group/17/"
                    }
                },
                {
                    "level_learned_at": 1,
                    "move_learn_method": {
                        "name": "level-up",
                        "url": "/api/v2/move-learn-method/1/"
                    },
                    "version_group": {
                        "name": "ultra-sun-ultra-moon",
                        "url": "/api/v2/version-group/18/"
                    }
                }
            ]
        },
        {
            "move": {
                "name": "giga-impact",
                "url": "/api/v2/move/416/"
            },
            "version_group_details": [
                {
                    "level_learned_at": 0,
                    "move_learn_method": {
                        "name": "machine",
                        "url": "/api/v2/move-learn-method/4/"
                    },
                    "version_group": {
                        "name": "sun-moon",
                        "url": "/api/v2/version-group/17/"
                    }
                },
                {
                    "level_learned_at": 0,
                    "move_learn_method": {
                        "name": "machine",
                        "url": "/api/v2/move-learn-method/4/"
                    },
                    "version_group": {
                        "name": "ultra-sun-ultra-moon",
                        "url": "/api/v2/version-group/18/"
                    }
                }
            ]
        },
        {
            "move": {
                "name": "shadow-claw",
                "url": "/api/v2/move/421/"
            },
            "version_group_details": [
                {
                    "level_learned_at": 0,
                    "move_learn_method": {
                        "name": "machine",
                        "url": "/api/v2/move-learn-method/4/"
                    },
                    "version_group": {
                        "name": "sun-moon",
                        "url": "/api/v2/version-group/17/"
                    }
                },
                {
                    "level_learned_at": 0,
                    "move_learn_method": {
                        "name": "machine",
                        "url": "/api/v2/move-learn-method/4/"
                    },
                    "version_group": {
                        "name": "ultra-sun-ultra-moon",
                        "url": "/api/v2/version-group/18/"
                    }
                }
            ]
        },
        {
            "move": {
                "name": "flash-cannon",
                "url": "/api/v2/move/430/"
            },
            "version_group_details": [
                {
                    "level_learned_at": 0,
                    "move_learn_method": {
                        "name": "machine",
                        "url": "/api/v2/move-learn-method/4/"
                    },
                    "version_group": {
                        "name": "sun-moon",
                        "url": "/api/v2/version-group/17/"
                    }
                },
                {
                    "level_learned_at": 0,
                    "move_learn_method": {
                        "name": "machine",
                        "url": "/api/v2/move-learn-method/4/"
                    },
                    "version_group": {
                        "name": "ultra-sun-ultra-moon",
                        "url": "/api/v2/version-group/18/"
                    }
                }
            ]
        },
        {
            "move": {
                "name": "power-whip",
                "url": "/api/v2/move/438/"
            },
            "version_group_details": [
                {
                    "level_learned_at": 59,
                    "move_learn_method": {
                        "name": "level-up",
                        "url": "/api/v2/move-learn-method/1/"
                    },
                    "version_group": {
                        "name": "sun-moon",
                        "url": "/api/v2/version-group/17/"
                    }
                },
                {
                    "level_learned_at": 59,
                    "move_learn_method": {
                        "name": "level-up",
                        "url": "/api/v2/move-learn-method/1/"
                    },
                    "version_group": {
                        "name": "ultra-sun-ultra-moon",
                        "url": "/api/v2/version-group/18/"
                    }
                }
            ]
        },
        {
            "move": {
                "name": "grass-knot",
                "url": "/api/v2/move/447/"
            },
            "version_group_details": [
                {
                    "level_learned_at": 0,
                    "move_learn_method": {
                        "name": "machine",
                        "url": "/api/v2/move-learn-method/4/"
                    },
                    "version_group": {
                        "name": "sun-moon",
                        "url": "/api/v2/version-group/17/"
                    }
                },
                {
                    "level_learned_at": 0,
                    "move_learn_method": {
                        "name": "machine",
                        "url": "/api/v2/move-learn-method/4/"
                    },
                    "version_group": {
                        "name": "ultra-sun-ultra-moon",
                        "url": "/api/v2/version-group/18/"
                    }
                }
            ]
        },
        {
            "move": {
                "name": "sludge-wave",
                "url": "/api/v2/move/482/"
            },
            "version_group_details": [
                {
                    "level_learned_at": 0,
                    "move_learn_method": {
                        "name": "machine",
                        "url": "/api/v2/move-learn-method/4/"
                    },
                    "version_group": {
                        "name": "sun-moon",
                        "url": "/api/v2/version-group/17/"
                    }
                },
                {
                    "level_learned_at": 0,
                    "move_learn_method": {
                        "name": "machine",
                        "url": "/api/v2/move-learn-method/4/"
                    },
                    "version_group": {
                        "name": "ultra-sun-ultra-moon",
                        "url": "/api/v2/version-group/18/"
                    }
                }
            ]
        },
        {
            "move": {
                "name": "heavy-slam",
                "url": "/api/v2/move/484/"
            },
            "version_group_details": [
                {
                    "level_learned_at": 50,
                    "move_learn_method": {
                        "name": "level-up",
                        "url": "/api/v2/move-learn-method/1/"
                    },
                    "version_group": {
                        "name": "sun-moon",
                        "url": "/api/v2/version-group/17/"
                    }
                },
                {
                    "level_learned_at": 50,
                    "move_learn_method": {
                        "name": "level-up",
                        "url": "/api/v2/move-learn-method/1/"
                    },
                    "version_group": {
                        "name": "ultra-sun-ultra-moon",
                        "url": "/api/v2/version-group/18/"
                    }
                }
            ]
        },
        {
            "move": {
                "name": "round",
                "url": "/api/v2/move/496/"
            },
            "version_group_details": [
                {
                    "level_learned_at": 0,
                    "move_learn_method": {
                        "name": "machine",
                        "url": "/api/v2/move-learn-method/4/"
                    },
                    "version_group": {
                        "name": "sun-moon",
                        "url": "/api/v2/version-group/17/"
                    }
                },
                {
                    "level_learned_at": 0,
                    "move_learn_method": {
                        "name": "machine",
                        "url": "/api/v2/move-learn-method/4/"
                    },
                    "version_group": {
                        "name": "ultra-sun-ultra-moon",
                        "url": "/api/v2/version-group/18/"
                    }
                }
            ]
        },
        {
            "move": {
                "name": "bulldoze",
                "url": "/api/v2/move/523/"
            },
            "version_group_details": [
                {
                    "level_learned_at": 0,
                    "move_learn_method": {
                        "name": "machine",
                        "url": "/api/v2/move-learn-method/4/"
                    },
                    "version_group": {
                        "name": "sun-moon",
                        "url": "/api/v2/version-group/17/"
                    }
                },
                {
                    "level_learned_at": 0,
                    "move_learn_method": {
                        "name": "machine",
                        "url": "/api/v2/move-learn-method/4/"
                    },
                    "version_group": {
                        "name": "ultra-sun-ultra-moon",
                        "url": "/api/v2/version-group/18/"
                    }
                }
            ]
        },
        {
            "move": {
                "name": "phantom-force",
                "url": "/api/v2/move/566/"
            },
            "version_group_details": [
                {
                    "level_learned_at": 54,
                    "move_learn_method": {
                        "name": "level-up",
                        "url": "/api/v2/move-learn-method/1/"
                    },
                    "version_group": {
                        "name": "sun-moon",
                        "url": "/api/v2/version-group/17/"
                    }
                },
                {
                    "level_learned_at": 54,
                    "move_learn_method": {
                        "name": "level-up",
                        "url": "/api/v2/move-learn-method/1/"
                    },
                    "version_group": {
                        "name": "ultra-sun-ultra-moon",
                        "url": "/api/v2/version-group/18/"
                    }
                }
            ]
        },
        {
            "move": {
                "name": "confide",
                "url": "/api/v2/move/590/"
            },
            "version_group_details": [
                {
                    "level_learned_at": 0,
                    "move_learn_method": {
                        "name": "machine",
                        "url": "/api/v2/move-learn-method/4/"
                    },
                    "version_group": {
                        "name": "sun-moon",
                        "url": "/api/v2/version-group/17/"
                    }
                },
                {
                    "level_learned_at": 0,
                    "move_learn_method": {
                        "name": "machine",
                        "url": "/api/v2/move-learn-method/4/"
                    },
                    "version_group": {
                        "name": "ultra-sun-ultra-moon",
                        "url": "/api/v2/version-group/18/"
                    }
                }
            ]
        },
        {
            "move": {
                "name": "anchor-shot",
                "url": "/api/v2/move/677/"
            },
            "version_group_details": [
                {
                    "level_learned_at": 32,
                    "move_learn_method": {
                        "name": "level-up",
                        "url": "/api/v2/move-learn-method/1/"
                    },
                    "version_group": {
                        "name": "sun-moon",
                        "url": "/api/v2/version-group/17/"
                    }
                },
                {
                    "level_learned_at": 32,
                    "move_learn_method": {
                        "name": "level-up",
                        "url": "/api/v2/move-learn-method/1/"
                    },
                    "version_group": {
                        "name": "ultra-sun-ultra-moon",
                        "url": "/api/v2/version-group/18/"
                    }
                }
            ]
        },
        {
            "move": {
                "name": "brutal-swing",
                "url": "/api/v2/move/693/"
            },
            "version_group_details": [
                {
                    "level_learned_at": 0,
                    "move_learn_method": {
                        "name": "machine",
                        "url": "/api/v2/move-learn-method/4/"
                    },
                    "version_group": {
                        "name": "sun-moon",
                        "url": "/api/v2/version-group/17/"
                    }
                },
                {
                    "level_learned_at": 0,
                    "move_learn_method": {
                        "name": "machine",
                        "url": "/api/v2/move-learn-method/4/"
                    },
                    "version_group": {
                        "name": "ultra-sun-ultra-moon",
                        "url": "/api/v2/version-group/18/"
                    }
                }
            ]
        }
    ],
    "name": "dhelmise",
    "order": 933,
    "species": {
        "name": "dhelmise",
        "url": "/api/v2/pokemon-species/781/"
    },
    "sprites": {
        "back_default": null,
        "back_female": null,
        "back_shiny": null,
        "back_shiny_female": null,
        "front_default": "https://raw.githubusercontent.com/PokeAPI/sprites/master/sprites/pokemon/781.png",
        "front_female": null,
        "front_shiny": "https://raw.githubusercontent.com/PokeAPI/sprites/master/sprites/pokemon/shiny/781.png",
        "front_shiny_female": null
    },
    "stats": [
        {
            "base_stat": 70,
            "effort": 0,
            "stat": {
                "name": "hp",
                "url": "/api/v2/stat/1/"
            }
        },
        {
            "base_stat": 131,
            "effort": 2,
            "stat": {
                "name": "attack",
                "url": "/api/v2/stat/2/"
            }
        },
        {
            "base_stat": 100,
            "effort": 0,
            "stat": {
                "name": "defense",
                "url": "/api/v2/stat/3/"
            }
        },
        {
            "base_stat": 86,
            "effort": 0,
            "stat": {
                "name": "special-attack",
                "url": "/api/v2/stat/4/"
            }
        },
        {
            "base_stat": 90,
            "effort": 0,
            "stat": {
                "name": "special-defense",
                "url": "/api/v2/stat/5/"
            }
        },
        {
            "base_stat": 40,
            "effort": 0,
            "stat": {
                "name": "speed",
                "url": "/api/v2/stat/6/"
            }
        }
    ],
    "types": [
        {
            "slot": 1,
            "type": {
                "name": "ghost",
                "url": "/api/v2/type/8/"
            }
        },
        {
            "slot": 2,
            "type": {
                "name": "grass",
                "url": "/api/v2/type/12/"
            }
        }
    ],
    "weight": 2100
}