{
    "abilities": [
        {
            "ability": {
                "name": "snow-cloak",
                "url": "/api/v2/ability/81/"
            },
            "is_hidden": false,
            "slot": 1
        },
        {
            "ability": {
                "name": "slush-rush",
                "url": "/api/v2/ability/202/"
            },
            "is_hidden": true,
            "slot": 3
        }
    ],
    "base_experience": 60,
    "forms": [
        {
            "name": "sandshrew-alola",
            "url": "/api/v2/pokemon-form/10203/"
        }
    ],
    "game_indices": [],
    "height": 7,
    "held_items": [
        {
            "item": {
                "name": "grip-claw",
                "url": "/api/v2/item/263/"
            },
            "version_details": [
                {
                    "rarity": 5,
                    "version": {
                        "name": "moon",
                        "url": "/api/v2/version/28/"
                    }
                },
                {
                    "rarity": 5,
                    "version": {
                        "name": "ultra-sun",
                        "url": "/api/v2/version/29/"
                    }
                }
            ]
        }
    ],
    "id": 10101,
    "is_default": false,
    "location_area_encounters": "/api/v2/pokemon/10101/encounters",
    "moves": [
        {
            "move": {
                "name": "scratch",
                "url": "/api/v2/move/10/"
            },
            "version_group_details": [
                {
                    "level_learned_at": 1,
                    "move_learn_method": {
                        "name": "level-up",
                        "url": "/api/v2/move-learn-method/1/"
                    },
                    "version_group": {
                        "name": "sun-moon",
                        "url": "/api/v2/version-group/17/"
                    }
                },
                {
                    "level_learned_at": 1,
                    "move_learn_method": {
                        "name": "level-up",
                        "url": "/api/v2/move-learn-method/1/"
                    },
                    "version_group": {
                        "name": "ultra-sun-ultra-moon",
                        "url": "/api/v2/version-group/18/"
                    }
                }
            ]
        },
        {
            "move": {
                "name": "swords-dance",
                "url": "/api/v2/move/14/"
            },
            "version_group_details": [
                {
                    "level_learned_at": 38,
                    "move_learn_method": {
                        "name": "level-up",
                        "url": "/api/v2/move-learn-method/1/"
                    },
                    "version_group": {
                        "name": "sun-moon",
                        "url": "/api/v2/version-group/17/"
                    }
                },
                {
                    "level_learned_at": 0,
                    "move_learn_method": {
                        "name": "machine",
                        "url": "/api/v2/move-learn-method/4/"
                    },
                    "version_group": {
                        "name": "sun-moon",
                        "url": "/api/v2/version-group/17/"
                    }
                },
                {
                    "level_learned_at": 38,
                    "move_learn_method": {
                        "name": "level-up",
                        "url": "/api/v2/move-learn-method/1/"
                    },
                    "version_group": {
                        "name": "ultra-sun-ultra-moon",
                        "url": "/api/v2/version-group/18/"
                    }
                },
                {
                    "level_learned_at": 0,
                    "move_learn_method": {
                        "name": "machine",
                        "url": "/api/v2/move-learn-method/4/"
                    },
                    "version_group": {
                        "name": "ultra-sun-ultra-moon",
                        "url": "/api/v2/version-group/18/"
                    }
                }
            ]
        },
        {
            "move": {
                "name": "blizzard",
                "url": "/api/v2/move/59/"
            },
            "version_group_details": [
                {
                    "level_learned_at": 46,
                    "move_learn_method": {
                        "name": "level-up",
                        "url": "/api/v2/move-learn-method/1/"
                    },
                    "version_group": {
                        "name": "sun-moon",
                        "url": "/api/v2/version-group/17/"
                    }
                },
                {
                    "level_learned_at": 0,
                    "move_learn_method": {
                        "name": "machine",
                        "url": "/api/v2/move-learn-method/4/"
                    },
                    "version_group": {
                        "name": "sun-moon",
                        "url": "/api/v2/version-group/17/"
                    }
                },
                {
                    "level_learned_at": 46,
                    "move_learn_method": {
                        "name": "level-up",
                        "url": "/api/v2/move-learn-method/1/"
                    },
                    "version_group": {
                        "name": "ultra-sun-ultra-moon",
                        "url": "/api/v2/version-group/18/"
                    }
                },
                {
                    "level_learned_at": 0,
                    "move_learn_method": {
                        "name": "machine",
                        "url": "/api/v2/move-learn-method/4/"
                    },
                    "version_group": {
                        "name": "ultra-sun-ultra-moon",
                        "url": "/api/v2/version-group/18/"
                    }
                }
            ]
        },
        {
            "move": {
                "name": "earthquake",
                "url": "/api/v2/move/89/"
            },
            "version_group_details": [
                {
                    "level_learned_at": 0,
                    "move_learn_method": {
                        "name": "machine",
                        "url": "/api/v2/move-learn-method/4/"
                    },
                    "version_group": {
                        "name": "sun-moon",
                        "url": "/api/v2/version-group/17/"
                    }
                },
                {
                    "level_learned_at": 0,
                    "move_learn_method": {
                        "name": "machine",
                        "url": "/api/v2/move-learn-method/4/"
                    },
                    "version_group": {
                        "name": "ultra-sun-ultra-moon",
                        "url": "/api/v2/version-group/18/"
                    }
                }
            ]
        },
        {
            "move": {
                "name": "toxic",
                "url": "/api/v2/move/92/"
            },
            "version_group_details": [
                {
                    "level_learned_at": 0,
                    "move_learn_method": {
                        "name": "machine",
                        "url": "/api/v2/move-learn-method/4/"
                    },
                    "version_group": {
                        "name": "sun-moon",
                        "url": "/api/v2/version-group/17/"
                    }
                },
                {
                    "level_learned_at": 0,
                    "move_learn_method": {
                        "name": "machine",
                        "url": "/api/v2/move-learn-method/4/"
                    },
                    "version_group": {
                        "name": "ultra-sun-ultra-moon",
                        "url": "/api/v2/version-group/18/"
                    }
                }
            ]
        },
        {
            "move": {
                "name": "double-team",
                "url": "/api/v2/move/104/"
            },
            "version_group_details": [
                {
                    "level_learned_at": 0,
                    "move_learn_method": {
                        "name": "machine",
                        "url": "/api/v2/move-learn-method/4/"
                    },
                    "version_group": {
                        "name": "sun-moon",
                        "url": "/api/v2/version-group/17/"
                    }
                },
                {
                    "level_learned_at": 0,
                    "move_learn_method": {
                        "name": "machine",
                        "url": "/api/v2/move-learn-method/4/"
                    },
                    "version_group": {
                        "name": "ultra-sun-ultra-moon",
                        "url": "/api/v2/version-group/18/"
                    }
                }
            ]
        },
        {
            "move": {
                "name": "defense-curl",
                "url": "/api/v2/move/111/"
            },
            "version_group_details": [
                {
                    "level_learned_at": 1,
                    "move_learn_method": {
                        "name": "level-up",
                        "url": "/api/v2/move-learn-method/1/"
                    },
                    "version_group": {
                        "name": "sun-moon",
                        "url": "/api/v2/version-group/17/"
                    }
                },
                {
                    "level_learned_at": 1,
                    "move_learn_method": {
                        "name": "level-up",
                        "url": "/api/v2/move-learn-method/1/"
                    },
                    "version_group": {
                        "name": "ultra-sun-ultra-moon",
                        "url": "/api/v2/version-group/18/"
                    }
                }
            ]
        },
        {
            "move": {
                "name": "bide",
                "url": "/api/v2/move/117/"
            },
            "version_group_details": [
                {
                    "level_learned_at": 3,
                    "move_learn_method": {
                        "name": "level-up",
                        "url": "/api/v2/move-learn-method/1/"
                    },
                    "version_group": {
                        "name": "sun-moon",
                        "url": "/api/v2/version-group/17/"
                    }
                },
                {
                    "level_learned_at": 3,
                    "move_learn_method": {
                        "name": "level-up",
                        "url": "/api/v2/move-learn-method/1/"
                    },
                    "version_group": {
                        "name": "ultra-sun-ultra-moon",
                        "url": "/api/v2/version-group/18/"
                    }
                }
            ]
        },
        {
            "move": {
                "name": "swift",
                "url": "/api/v2/move/129/"
            },
            "version_group_details": [
                {
                    "level_learned_at": 17,
                    "move_learn_method": {
                        "name": "level-up",
                        "url": "/api/v2/move-learn-method/1/"
                    },
                    "version_group": {
                        "name": "sun-moon",
                        "url": "/api/v2/version-group/17/"
                    }
                },
                {
                    "level_learned_at": 17,
                    "move_learn_method": {
                        "name": "level-up",
                        "url": "/api/v2/move-learn-method/1/"
                    },
                    "version_group": {
                        "name": "ultra-sun-ultra-moon",
                        "url": "/api/v2/version-group/18/"
                    }
                }
            ]
        },
        {
            "move": {
                "name": "leech-life",
                "url": "/api/v2/move/141/"
            },
            "version_group_details": [
                {
                    "level_learned_at": 0,
                    "move_learn_method": {
                        "name": "machine",
                        "url": "/api/v2/move-learn-method/4/"
                    },
                    "version_group": {
                        "name": "sun-moon",
                        "url": "/api/v2/version-group/17/"
                    }
                },
                {
                    "level_learned_at": 0,
                    "move_learn_method": {
                        "name": "machine",
                        "url": "/api/v2/move-learn-method/4/"
                    },
                    "version_group": {
                        "name": "ultra-sun-ultra-moon",
                        "url": "/api/v2/version-group/18/"
                    }
                }
            ]
        },
        {
            "move": {
                "name": "fury-swipes",
                "url": "/api/v2/move/154/"
            },
            "version_group_details": [
                {
                    "level_learned_at": 20,
                    "move_learn_method": {
                        "name": "level-up",
                        "url": "/api/v2/move-learn-method/1/"
                    },
                    "version_group": {
                        "name": "sun-moon",
                        "url": "/api/v2/version-group/17/"
                    }
                },
                {
                    "level_learned_at": 20,
                    "move_learn_method": {
                        "name": "level-up",
                        "url": "/api/v2/move-learn-method/1/"
                    },
                    "version_group": {
                        "name": "ultra-sun-ultra-moon",
                        "url": "/api/v2/version-group/18/"
                    }
                }
            ]
        },
        {
            "move": {
                "name": "rest",
                "url": "/api/v2/move/156/"
            },
            "version_group_details": [
                {
                    "level_learned_at": 0,
                    "move_learn_method": {
                        "name": "machine",
                        "url": "/api/v2/move-learn-method/4/"
                    },
                    "version_group": {
                        "name": "sun-moon",
                        "url": "/api/v2/version-group/17/"
                    }
                },
                {
                    "level_learned_at": 0,
                    "move_learn_method": {
                        "name": "machine",
                        "url": "/api/v2/move-learn-method/4/"
                    },
                    "version_group": {
                        "name": "ultra-sun-ultra-moon",
                        "url": "/api/v2/version-group/18/"
                    }
                }
            ]
        },
        {
            "move": {
                "name": "rock-slide",
                "url": "/api/v2/move/157/"
            },
            "version_group_details": [
                {
                    "level_learned_at": 0,
                    "move_learn_method": {
                        "name": "machine",
                        "url": "/api/v2/move-learn-method/4/"
                    },
                    "version_group": {
                        "name": "sun-moon",
                        "url": "/api/v2/version-group/17/"
                    }
                },
                {
                    "level_learned_at": 0,
                    "move_learn_method": {
                        "name": "machine",
                        "url": "/api/v2/move-learn-method/4/"
                    },
                    "version_group": {
                        "name": "ultra-sun-ultra-moon",
                        "url": "/api/v2/version-group/18/"
                    }
                }
            ]
        },
        {
            "move": {
                "name": "slash",
                "url": "/api/v2/move/163/"
            },
            "version_group_details": [
                {
                    "level_learned_at": 26,
                    "move_learn_method": {
                        "name": "level-up",
                        "url": "/api/v2/move-learn-method/1/"
                    },
                    "version_group": {
                        "name": "sun-moon",
                        "url": "/api/v2/version-group/17/"
                    }
                },
                {
                    "level_learned_at": 26,
                    "move_learn_method": {
                        "name": "level-up",
                        "url": "/api/v2/move-learn-method/1/"
                    },
                    "version_group": {
                        "name": "ultra-sun-ultra-moon",
                        "url": "/api/v2/version-group/18/"
                    }
                }
            ]
        },
        {
            "move": {
                "name": "substitute",
                "url": "/api/v2/move/164/"
            },
            "version_group_details": [
                {
                    "level_learned_at": 0,
                    "move_learn_method": {
                        "name": "machine",
                        "url": "/api/v2/move-learn-method/4/"
                    },
                    "version_group": {
                        "name": "sun-moon",
                        "url": "/api/v2/version-group/17/"
                    }
                },
                {
                    "level_learned_at": 0,
                    "move_learn_method": {
                        "name": "machine",
                        "url": "/api/v2/move-learn-method/4/"
                    },
                    "version_group": {
                        "name": "ultra-sun-ultra-moon",
                        "url": "/api/v2/version-group/18/"
                    }
                }
            ]
        },
        {
            "move": {
                "name": "thief",
                "url": "/api/v2/move/168/"
            },
            "version_group_details": [
                {
                    "level_learned_at": 0,
                    "move_learn_method": {
                        "name": "machine",
                        "url": "/api/v2/move-learn-method/4/"
                    },
                    "version_group": {
                        "name": "sun-moon",
                        "url": "/api/v2/version-group/17/"
                    }
                },
                {
                    "level_learned_at": 0,
                    "move_learn_method": {
                        "name": "machine",
                        "url": "/api/v2/move-learn-method/4/"
                    },
                    "version_group": {
                        "name": "ultra-sun-ultra-moon",
                        "url": "/api/v2/version-group/18/"
                    }
                }
            ]
        },
        {
            "move": {
                "name": "powder-snow",
                "url": "/api/v2/move/181/"
            },
            "version_group_details": [
                {
                    "level_learned_at": 5,
                    "move_learn_method": {
                        "name": "level-up",
                        "url": "/api/v2/move-learn-method/1/"
                    },
                    "version_group": {
                        "name": "sun-moon",
                        "url": "/api/v2/version-group/17/"
                    }
                },
                {
                    "level_learned_at": 5,
                    "move_learn_method": {
                        "name": "level-up",
                        "url": "/api/v2/move-learn-method/1/"
                    },
                    "version_group": {
                        "name": "ultra-sun-ultra-moon",
                        "url": "/api/v2/version-group/18/"
                    }
                }
            ]
        },
        {
            "move": {
                "name": "protect",
                "url": "/api/v2/move/182/"
            },
            "version_group_details": [
                {
                    "level_learned_at": 0,
                    "move_learn_method": {
                        "name": "machine",
                        "url": "/api/v2/move-learn-method/4/"
                    },
                    "version_group": {
                        "name": "sun-moon",
                        "url": "/api/v2/version-group/17/"
                    }
                },
                {
                    "level_learned_at": 0,
                    "move_learn_method": {
                        "name": "machine",
                        "url": "/api/v2/move-learn-method/4/"
                    },
                    "version_group": {
                        "name": "ultra-sun-ultra-moon",
                        "url": "/api/v2/version-group/18/"
                    }
                }
            ]
        },
        {
            "move": {
                "name": "swagger",
                "url": "/api/v2/move/207/"
            },
            "version_group_details": [
                {
                    "level_learned_at": 0,
                    "move_learn_method": {
                        "name": "machine",
                        "url": "/api/v2/move-learn-method/4/"
                    },
                    "version_group": {
                        "name": "sun-moon",
                        "url": "/api/v2/version-group/17/"
                    }
                },
                {
                    "level_learned_at": 0,
                    "move_learn_method": {
                        "name": "machine",
                        "url": "/api/v2/move-learn-method/4/"
                    },
                    "version_group": {
                        "name": "ultra-sun-ultra-moon",
                        "url": "/api/v2/version-group/18/"
                    }
                }
            ]
        },
        {
            "move": {
                "name": "fury-cutter",
                "url": "/api/v2/move/210/"
            },
            "version_group_details": [
                {
                    "level_learned_at": 11,
                    "move_learn_method": {
                        "name": "level-up",
                        "url": "/api/v2/move-learn-method/1/"
                    },
                    "version_group": {
                        "name": "sun-moon",
                        "url": "/api/v2/version-group/17/"
                    }
                },
                {
                    "level_learned_at": 11,
                    "move_learn_method": {
                        "name": "level-up",
                        "url": "/api/v2/move-learn-method/1/"
                    },
                    "version_group": {
                        "name": "ultra-sun-ultra-moon",
                        "url": "/api/v2/version-group/18/"
                    }
                }
            ]
        },
        {
            "move": {
                "name": "attract",
                "url": "/api/v2/move/213/"
            },
            "version_group_details": [
                {
                    "level_learned_at": 0,
                    "move_learn_method": {
                        "name": "machine",
                        "url": "/api/v2/move-learn-method/4/"
                    },
                    "version_group": {
                        "name": "sun-moon",
                        "url": "/api/v2/version-group/17/"
                    }
                },
                {
                    "level_learned_at": 0,
                    "move_learn_method": {
                        "name": "machine",
                        "url": "/api/v2/move-learn-method/4/"
                    },
                    "version_group": {
                        "name": "ultra-sun-ultra-moon",
                        "url": "/api/v2/version-group/18/"
                    }
                }
            ]
        },
        {
            "move": {
                "name": "sleep-talk",
                "url": "/api/v2/move/214/"
            },
            "version_group_details": [
                {
                    "level_learned_at": 0,
                    "move_learn_method": {
                        "name": "machine",
                        "url": "/api/v2/move-learn-method/4/"
                    },
                    "version_group": {
                        "name": "sun-moon",
                        "url": "/api/v2/version-group/17/"
                    }
                },
                {
                    "level_learned_at": 0,
                    "move_learn_method": {
                        "name": "machine",
                        "url": "/api/v2/move-learn-method/4/"
                    },
                    "version_group": {
                        "name": "ultra-sun-ultra-moon",
                        "url": "/api/v2/version-group/18/"
                    }
                }
            ]
        },
        {
            "move": {
                "name": "return",
                "url": "/api/v2/move/216/"
            },
            "version_group_details": [
                {
                    "level_learned_at": 0,
                    "move_learn_method": {
                        "name": "machine",
                        "url": "/api/v2/move-learn-method/4/"
                    },
                    "version_group": {
                        "name": "sun-moon",
                        "url": "/api/v2/version-group/17/"
                    }
                },
                {
                    "level_learned_at": 0,
                    "move_learn_method": {
                        "name": "machine",
                        "url": "/api/v2/move-learn-method/4/"
                    },
                    "version_group": {
                        "name": "ultra-sun-ultra-moon",
                        "url": "/api/v2/version-group/18/"
                    }
                }
            ]
        },
        {
            "move": {
                "name": "frustration",
                "url": "/api/v2/move/218/"
            },
            "version_group_details": [
                {
                    "level_learned_at": 0,
                    "move_learn_method": {
                        "name": "machine",
                        "url": "/api/v2/move-learn-method/4/"
                    },
                    "version_group": {
                        "name": "sun-moon",
                        "url": "/api/v2/version-group/17/"
                    }
                },
                {
                    "level_learned_at": 0,
                    "move_learn_method": {
                        "name": "machine",
                        "url": "/api/v2/move-learn-method/4/"
                    },
                    "version_group": {
                        "name": "ultra-sun-ultra-moon",
                        "url": "/api/v2/version-group/18/"
                    }
                }
            ]
        },
        {
            "move": {
                "name": "safeguard",
                "url": "/api/v2/move/219/"
            },
            "version_group_details": [
                {
                    "level_learned_at": 0,
                    "move_learn_method": {
                        "name": "machine",
                        "url": "/api/v2/move-learn-method/4/"
                    },
                    "version_group": {
                        "name": "sun-moon",
                        "url": "/api/v2/version-group/17/"
                    }
                },
                {
                    "level_learned_at": 0,
                    "move_learn_method": {
                        "name": "machine",
                        "url": "/api/v2/move-learn-method/4/"
                    },
                    "version_group": {
                        "name": "ultra-sun-ultra-moon",
                        "url": "/api/v2/version-group/18/"
                    }
                }
            ]
        },
        {
            "move": {
                "name": "rapid-spin",
                "url": "/api/v2/move/229/"
            },
            "version_group_details": [
                {
                    "level_learned_at": 9,
                    "move_learn_method": {
                        "name": "level-up",
                        "url": "/api/v2/move-learn-method/1/"
                    },
                    "version_group": {
                        "name": "sun-moon",
                        "url": "/api/v2/version-group/17/"
                    }
                },
                {
                    "level_learned_at": 9,
                    "move_learn_method": {
                        "name": "level-up",
                        "url": "/api/v2/move-learn-method/1/"
                    },
                    "version_group": {
                        "name": "ultra-sun-ultra-moon",
                        "url": "/api/v2/version-group/18/"
                    }
                }
            ]
        },
        {
            "move": {
                "name": "metal-claw",
                "url": "/api/v2/move/232/"
            },
            "version_group_details": [
                {
                    "level_learned_at": 14,
                    "move_learn_method": {
                        "name": "level-up",
                        "url": "/api/v2/move-learn-method/1/"
                    },
                    "version_group": {
                        "name": "sun-moon",
                        "url": "/api/v2/version-group/17/"
                    }
                },
                {
                    "level_learned_at": 14,
                    "move_learn_method": {
                        "name": "level-up",
                        "url": "/api/v2/move-learn-method/1/"
                    },
                    "version_group": {
                        "name": "ultra-sun-ultra-moon",
                        "url": "/api/v2/version-group/18/"
                    }
                }
            ]
        },
        {
            "move": {
                "name": "hidden-power",
                "url": "/api/v2/move/237/"
            },
            "version_group_details": [
                {
                    "level_learned_at": 0,
                    "move_learn_method": {
                        "name": "machine",
                        "url": "/api/v2/move-learn-method/4/"
                    },
                    "version_group": {
                        "name": "sun-moon",
                        "url": "/api/v2/version-group/17/"
                    }
                },
                {
                    "level_learned_at": 0,
                    "move_learn_method": {
                        "name": "machine",
                        "url": "/api/v2/move-learn-method/4/"
                    },
                    "version_group": {
                        "name": "ultra-sun-ultra-moon",
                        "url": "/api/v2/version-group/18/"
                    }
                }
            ]
        },
        {
            "move": {
                "name": "sunny-day",
                "url": "/api/v2/move/241/"
            },
            "version_group_details": [
                {
                    "level_learned_at": 0,
                    "move_learn_method": {
                        "name": "machine",
                        "url": "/api/v2/move-learn-method/4/"
                    },
                    "version_group": {
                        "name": "sun-moon",
                        "url": "/api/v2/version-group/17/"
                    }
                },
                {
                    "level_learned_at": 0,
                    "move_learn_method": {
                        "name": "machine",
                        "url": "/api/v2/move-learn-method/4/"
                    },
                    "version_group": {
                        "name": "ultra-sun-ultra-moon",
                        "url": "/api/v2/version-group/18/"
                    }
                }
            ]
        },
        {
            "move": {
                "name": "hail",
                "url": "/api/v2/move/258/"
            },
            "version_group_details": [
                {
                    "level_learned_at": 42,
                    "move_learn_method": {
                        "name": "level-up",
                        "url": "/api/v2/move-learn-method/1/"
                    },
                    "version_group": {
                        "name": "sun-moon",
                        "url": "/api/v2/version-group/17/"
                    }
                },
                {
                    "level_learned_at": 0,
                    "move_learn_method": {
                        "name": "machine",
                        "url": "/api/v2/move-learn-method/4/"
                    },
                    "version_group": {
                        "name": "sun-moon",
                        "url": "/api/v2/version-group/17/"
                    }
                },
                {
                    "level_learned_at": 42,
                    "move_learn_method": {
                        "name": "level-up",
                        "url": "/api/v2/move-learn-method/1/"
                    },
                    "version_group": {
                        "name": "ultra-sun-ultra-moon",
                        "url": "/api/v2/version-group/18/"
                    }
                },
                {
                    "level_learned_at": 0,
                    "move_learn_method": {
                        "name": "machine",
                        "url": "/api/v2/move-learn-method/4/"
                    },
                    "version_group": {
                        "name": "ultra-sun-ultra-moon",
                        "url": "/api/v2/version-group/18/"
                    }
                }
            ]
        },
        {
            "move": {
                "name": "facade",
                "url": "/api/v2/move/263/"
            },
            "version_group_details": [
                {
                    "level_learned_at": 0,
                    "move_learn_method": {
                        "name": "machine",
                        "url": "/api/v2/move-learn-method/4/"
                    },
                    "version_group": {
                        "name": "sun-moon",
                        "url": "/api/v2/version-group/17/"
                    }
                },
                {
                    "level_learned_at": 0,
                    "move_learn_method": {
                        "name": "machine",
                        "url": "/api/v2/move-learn-method/4/"
                    },
                    "version_group": {
                        "name": "ultra-sun-ultra-moon",
                        "url": "/api/v2/version-group/18/"
                    }
                }
            ]
        },
        {
            "move": {
                "name": "brick-break",
                "url": "/api/v2/move/280/"
            },
            "version_group_details": [
                {
                    "level_learned_at": 0,
                    "move_learn_method": {
                        "name": "machine",
                        "url": "/api/v2/move-learn-method/4/"
                    },
                    "version_group": {
                        "name": "sun-moon",
                        "url": "/api/v2/version-group/17/"
                    }
                },
                {
                    "level_learned_at": 0,
                    "move_learn_method": {
                        "name": "machine",
                        "url": "/api/v2/move-learn-method/4/"
                    },
                    "version_group": {
                        "name": "ultra-sun-ultra-moon",
                        "url": "/api/v2/version-group/18/"
                    }
                }
            ]
        },
        {
            "move": {
                "name": "ice-ball",
                "url": "/api/v2/move/301/"
            },
            "version_group_details": [
                {
                    "level_learned_at": 7,
                    "move_learn_method": {
                        "name": "level-up",
                        "url": "/api/v2/move-learn-method/1/"
                    },
                    "version_group": {
                        "name": "sun-moon",
                        "url": "/api/v2/version-group/17/"
                    }
                },
                {
                    "level_learned_at": 7,
                    "move_learn_method": {
                        "name": "level-up",
                        "url": "/api/v2/move-learn-method/1/"
                    },
                    "version_group": {
                        "name": "ultra-sun-ultra-moon",
                        "url": "/api/v2/version-group/18/"
                    }
                }
            ]
        },
        {
            "move": {
                "name": "aerial-ace",
                "url": "/api/v2/move/332/"
            },
            "version_group_details": [
                {
                    "level_learned_at": 0,
                    "move_learn_method": {
                        "name": "machine",
                        "url": "/api/v2/move-learn-method/4/"
                    },
                    "version_group": {
                        "name": "sun-moon",
                        "url": "/api/v2/version-group/17/"
                    }
                },
                {
                    "level_learned_at": 0,
                    "move_learn_method": {
                        "name": "machine",
                        "url": "/api/v2/move-learn-method/4/"
                    },
                    "version_group": {
                        "name": "ultra-sun-ultra-moon",
                        "url": "/api/v2/version-group/18/"
                    }
                }
            ]
        },
        {
            "move": {
                "name": "iron-defense",
                "url": "/api/v2/move/334/"
            },
            "version_group_details": [
                {
                    "level_learned_at": 23,
                    "move_learn_method": {
                        "name": "level-up",
                        "url": "/api/v2/move-learn-method/1/"
                    },
                    "version_group": {
                        "name": "sun-moon",
                        "url": "/api/v2/version-group/17/"
                    }
                },
                {
                    "level_learned_at": 23,
                    "move_learn_method": {
                        "name": "level-up",
                        "url": "/api/v2/move-learn-method/1/"
                    },
                    "version_group": {
                        "name": "ultra-sun-ultra-moon",
                        "url": "/api/v2/version-group/18/"
                    }
                }
            ]
        },
        {
            "move": {
                "name": "gyro-ball",
                "url": "/api/v2/move/360/"
            },
            "version_group_details": [
                {
                    "level_learned_at": 34,
                    "move_learn_method": {
                        "name": "level-up",
                        "url": "/api/v2/move-learn-method/1/"
                    },
                    "version_group": {
                        "name": "sun-moon",
                        "url": "/api/v2/version-group/17/"
                    }
                },
                {
                    "level_learned_at": 0,
                    "move_learn_method": {
                        "name": "machine",
                        "url": "/api/v2/move-learn-method/4/"
                    },
                    "version_group": {
                        "name": "sun-moon",
                        "url": "/api/v2/version-group/17/"
                    }
                },
                {
                    "level_learned_at": 34,
                    "move_learn_method": {
                        "name": "level-up",
                        "url": "/api/v2/move-learn-method/1/"
                    },
                    "version_group": {
                        "name": "ultra-sun-ultra-moon",
                        "url": "/api/v2/version-group/18/"
                    }
                },
                {
                    "level_learned_at": 0,
                    "move_learn_method": {
                        "name": "machine",
                        "url": "/api/v2/move-learn-method/4/"
                    },
                    "version_group": {
                        "name": "ultra-sun-ultra-moon",
                        "url": "/api/v2/version-group/18/"
                    }
                }
            ]
        },
        {
            "move": {
                "name": "fling",
                "url": "/api/v2/move/374/"
            },
            "version_group_details": [
                {
                    "level_learned_at": 0,
                    "move_learn_method": {
                        "name": "machine",
                        "url": "/api/v2/move-learn-method/4/"
                    },
                    "version_group": {
                        "name": "sun-moon",
                        "url": "/api/v2/version-group/17/"
                    }
                },
                {
                    "level_learned_at": 0,
                    "move_learn_method": {
                        "name": "machine",
                        "url": "/api/v2/move-learn-method/4/"
                    },
                    "version_group": {
                        "name": "ultra-sun-ultra-moon",
                        "url": "/api/v2/version-group/18/"
                    }
                }
            ]
        },
        {
            "move": {
                "name": "poison-jab",
                "url": "/api/v2/move/398/"
            },
            "version_group_details": [
                {
                    "level_learned_at": 0,
                    "move_learn_method": {
                        "name": "machine",
                        "url": "/api/v2/move-learn-method/4/"
                    },
                    "version_group": {
                        "name": "sun-moon",
                        "url": "/api/v2/version-group/17/"
                    }
                },
                {
                    "level_learned_at": 0,
                    "move_learn_method": {
                        "name": "machine",
                        "url": "/api/v2/move-learn-method/4/"
                    },
                    "version_group": {
                        "name": "ultra-sun-ultra-moon",
                        "url": "/api/v2/version-group/18/"
                    }
                }
            ]
        },
        {
            "move": {
                "name": "x-scissor",
                "url": "/api/v2/move/404/"
            },
            "version_group_details": [
                {
                    "level_learned_at": 0,
                    "move_learn_method": {
                        "name": "machine",
                        "url": "/api/v2/move-learn-method/4/"
                    },
                    "version_group": {
                        "name": "sun-moon",
                        "url": "/api/v2/version-group/17/"
                    }
                },
                {
                    "level_learned_at": 0,
                    "move_learn_method": {
                        "name": "machine",
                        "url": "/api/v2/move-learn-method/4/"
                    },
                    "version_group": {
                        "name": "ultra-sun-ultra-moon",
                        "url": "/api/v2/version-group/18/"
                    }
                }
            ]
        },
        {
            "move": {
                "name": "shadow-claw",
                "url": "/api/v2/move/421/"
            },
            "version_group_details": [
                {
                    "level_learned_at": 0,
                    "move_learn_method": {
                        "name": "machine",
                        "url": "/api/v2/move-learn-method/4/"
                    },
                    "version_group": {
                        "name": "sun-moon",
                        "url": "/api/v2/version-group/17/"
                    }
                },
                {
                    "level_learned_at": 0,
                    "move_learn_method": {
                        "name": "machine",
                        "url": "/api/v2/move-learn-method/4/"
                    },
                    "version_group": {
                        "name": "ultra-sun-ultra-moon",
                        "url": "/api/v2/version-group/18/"
                    }
                }
            ]
        },
        {
            "move": {
                "name": "iron-head",
                "url": "/api/v2/move/442/"
            },
            "version_group_details": [
                {
                    "level_learned_at": 30,
                    "move_learn_method": {
                        "name": "level-up",
                        "url": "/api/v2/move-learn-method/1/"
                    },
                    "version_group": {
                        "name": "sun-moon",
                        "url": "/api/v2/version-group/17/"
                    }
                },
                {
                    "level_learned_at": 30,
                    "move_learn_method": {
                        "name": "level-up",
                        "url": "/api/v2/move-learn-method/1/"
                    },
                    "version_group": {
                        "name": "ultra-sun-ultra-moon",
                        "url": "/api/v2/version-group/18/"
                    }
                }
            ]
        },
        {
            "move": {
                "name": "round",
                "url": "/api/v2/move/496/"
            },
            "version_group_details": [
                {
                    "level_learned_at": 0,
                    "move_learn_method": {
                        "name": "machine",
                        "url": "/api/v2/move-learn-method/4/"
                    },
                    "version_group": {
                        "name": "sun-moon",
                        "url": "/api/v2/version-group/17/"
                    }
                },
                {
                    "level_learned_at": 0,
                    "move_learn_method": {
                        "name": "machine",
                        "url": "/api/v2/move-learn-method/4/"
                    },
                    "version_group": {
                        "name": "ultra-sun-ultra-moon",
                        "url": "/api/v2/version-group/18/"
                    }
                }
            ]
        },
        {
            "move": {
                "name": "bulldoze",
                "url": "/api/v2/move/523/"
            },
            "version_group_details": [
                {
                    "level_learned_at": 0,
                    "move_learn_method": {
                        "name": "machine",
                        "url": "/api/v2/move-learn-method/4/"
                    },
                    "version_group": {
                        "name": "sun-moon",
                        "url": "/api/v2/version-group/17/"
                    }
                },
                {
                    "level_learned_at": 0,
                    "move_learn_method": {
                        "name": "machine",
                        "url": "/api/v2/move-learn-method/4/"
                    },
                    "version_group": {
                        "name": "ultra-sun-ultra-moon",
                        "url": "/api/v2/version-group/18/"
                    }
                }
            ]
        },
        {
            "move": {
                "name": "frost-breath",
                "url": "/api/v2/move/524/"
            },
            "version_group_details": [
                {
                    "level_learned_at": 0,
                    "move_learn_method": {
                        "name": "machine",
                        "url": "/api/v2/move-learn-method/4/"
                    },
                    "version_group": {
                        "name": "sun-moon",
                        "url": "/api/v2/version-group/17/"
                    }
                },
                {
                    "level_learned_at": 0,
                    "move_learn_method": {
                        "name": "machine",
                        "url": "/api/v2/move-learn-method/4/"
                    },
                    "version_group": {
                        "name": "ultra-sun-ultra-moon",
                        "url": "/api/v2/version-group/18/"
                    }
                }
            ]
        },
        {
            "move": {
                "name": "work-up",
                "url": "/api/v2/move/526/"
            },
            "version_group_details": [
                {
                    "level_learned_at": 0,
                    "move_learn_method": {
                        "name": "machine",
                        "url": "/api/v2/move-learn-method/4/"
                    },
                    "version_group": {
                        "name": "sun-moon",
                        "url": "/api/v2/version-group/17/"
                    }
                },
                {
                    "level_learned_at": 0,
                    "move_learn_method": {
                        "name": "machine",
                        "url": "/api/v2/move-learn-method/4/"
                    },
                    "version_group": {
                        "name": "ultra-sun-ultra-moon",
                        "url": "/api/v2/version-group/18/"
                    }
                }
            ]
        },
        {
            "move": {
                "name": "confide",
                "url": "/api/v2/move/590/"
            },
            "version_group_details": [
                {
                    "level_learned_at": 0,
                    "move_learn_method": {
                        "name": "machine",
                        "url": "/api/v2/move-learn-method/4/"
                    },
                    "version_group": {
                        "name": "sun-moon",
                        "url": "/api/v2/version-group/17/"
                    }
                },
                {
                    "level_learned_at": 0,
                    "move_learn_method": {
                        "name": "machine",
                        "url": "/api/v2/move-learn-method/4/"
                    },
                    "version_group": {
                        "name": "ultra-sun-ultra-moon",
                        "url": "/api/v2/version-group/18/"
                    }
                }
            ]
        },
        {
            "move": {
                "name": "aurora-veil",
                "url": "/api/v2/move/694/"
            },
            "version_group_details": [
                {
                    "level_learned_at": 0,
                    "move_learn_method": {
                        "name": "machine",
                        "url": "/api/v2/move-learn-method/4/"
                    },
                    "version_group": {
                        "name": "sun-moon",
                        "url": "/api/v2/version-group/17/"
                    }
                },
                {
                    "level_learned_at": 0,
                    "move_learn_method": {
                        "name": "machine",
                        "url": "/api/v2/move-learn-method/4/"
                    },
                    "version_group": {
                        "name": "ultra-sun-ultra-moon",
                        "url": "/api/v2/version-group/18/"
                    }
                }
            ]
        }
    ],
    "name": "sandshrew-alola",
    "order": 52,
    "species": {
        "name": "sandshrew",
        "url": "/api/v2/pokemon-species/27/"
    },
    "sprites": {
        "back_default": null,
        "back_female": null,
        "back_shiny": null,
        "back_shiny_female": null,
        "front_default": null,
        "front_female": null,
        "front_shiny": null,
        "front_shiny_female": null
    },
    "stats": [
        {
            "base_stat": 50,
            "effort": 0,
            "stat": {
                "name": "hp",
                "url": "/api/v2/stat/1/"
            }
        },
        {
            "base_stat": 75,
            "effort": 0,
            "stat": {
                "name": "attack",
                "url": "/api/v2/stat/2/"
            }
        },
        {
            "base_stat": 90,
            "effort": 1,
            "stat": {
                "name": "defense",
                "url": "/api/v2/stat/3/"
            }
        },
        {
            "base_stat": 10,
            "effort": 0,
            "stat": {
                "name": "special-attack",
                "url": "/api/v2/stat/4/"
            }
        },
        {
            "base_stat": 35,
            "effort": 0,
            "stat": {
                "name": "special-defense",
                "url": "/api/v2/stat/5/"
            }
        },
        {
            "base_stat": 40,
            "effort": 0,
            "stat": {
                "name": "speed",
                "url": "/api/v2/stat/6/"
            }
        }
    ],
    "types": [
        {
            "slot": 1,
            "type": {
                "name": "ice",
                "url": "/api/v2/type/15/"
            }
        },
        {
            "slot": 2,
            "type": {
                "name": "steel",
                "url": "/api/v2/type/9/"
            }
        }
    ],
    "weight": 400
}