{
    "abilities": [
        {
            "ability": {
                "name": "poison-point",
                "url": "/api/v2/ability/38/"
            },
            "is_hidden": false,
            "slot": 1
        },
        {
            "ability": {
                "name": "poison-touch",
                "url": "/api/v2/ability/143/"
            },
            "is_hidden": false,
            "slot": 2
        },
        {
            "ability": {
                "name": "adaptability",
                "url": "/api/v2/ability/91/"
            },
            "is_hidden": true,
            "slot": 3
        }
    ],
    "base_experience": 64,
    "forms": [
        {
            "name": "skrelp",
            "url": "/api/v2/pokemon-form/690/"
        }
    ],
    "game_indices": [],
    "height": 5,
    "held_items": [],
    "id": 690,
    "is_default": true,
    "location_area_encounters": "/api/v2/pokemon/690/encounters",
    "moves": [
        {
            "move": {
                "name": "tackle",
                "url": "/api/v2/move/33/"
            },
            "version_group_details": [
                {
                    "level_learned_at": 1,
                    "move_learn_method": {
                        "name": "level-up",
                        "url": "/api/v2/move-learn-method/1/"
                    },
                    "version_group": {
                        "name": "x-y",
                        "url": "/api/v2/version-group/15/"
                    }
                },
                {
                    "level_learned_at": 1,
                    "move_learn_method": {
                        "name": "level-up",
                        "url": "/api/v2/move-learn-method/1/"
                    },
                    "version_group": {
                        "name": "omega-ruby-alpha-sapphire",
                        "url": "/api/v2/version-group/16/"
                    }
                },
                {
                    "level_learned_at": 1,
                    "move_learn_method": {
                        "name": "level-up",
                        "url": "/api/v2/move-learn-method/1/"
                    },
                    "version_group": {
                        "name": "sun-moon",
                        "url": "/api/v2/version-group/17/"
                    }
                },
                {
                    "level_learned_at": 1,
                    "move_learn_method": {
                        "name": "level-up",
                        "url": "/api/v2/move-learn-method/1/"
                    },
                    "version_group": {
                        "name": "ultra-sun-ultra-moon",
                        "url": "/api/v2/version-group/18/"
                    }
                }
            ]
        },
        {
            "move": {
                "name": "tail-whip",
                "url": "/api/v2/move/39/"
            },
            "version_group_details": [
                {
                    "level_learned_at": 9,
                    "move_learn_method": {
                        "name": "level-up",
                        "url": "/api/v2/move-learn-method/1/"
                    },
                    "version_group": {
                        "name": "x-y",
                        "url": "/api/v2/version-group/15/"
                    }
                },
                {
                    "level_learned_at": 9,
                    "move_learn_method": {
                        "name": "level-up",
                        "url": "/api/v2/move-learn-method/1/"
                    },
                    "version_group": {
                        "name": "omega-ruby-alpha-sapphire",
                        "url": "/api/v2/version-group/16/"
                    }
                },
                {
                    "level_learned_at": 9,
                    "move_learn_method": {
                        "name": "level-up",
                        "url": "/api/v2/move-learn-method/1/"
                    },
                    "version_group": {
                        "name": "sun-moon",
                        "url": "/api/v2/version-group/17/"
                    }
                },
                {
                    "level_learned_at": 9,
                    "move_learn_method": {
                        "name": "level-up",
                        "url": "/api/v2/move-learn-method/1/"
                    },
                    "version_group": {
                        "name": "ultra-sun-ultra-moon",
                        "url": "/api/v2/version-group/18/"
                    }
                }
            ]
        },
        {
            "move": {
                "name": "acid",
                "url": "/api/v2/move/51/"
            },
            "version_group_details": [
                {
                    "level_learned_at": 15,
                    "move_learn_method": {
                        "name": "level-up",
                        "url": "/api/v2/move-learn-method/1/"
                    },
                    "version_group": {
                        "name": "x-y",
                        "url": "/api/v2/version-group/15/"
                    }
                },
                {
                    "level_learned_at": 15,
                    "move_learn_method": {
                        "name": "level-up",
                        "url": "/api/v2/move-learn-method/1/"
                    },
                    "version_group": {
                        "name": "omega-ruby-alpha-sapphire",
                        "url": "/api/v2/version-group/16/"
                    }
                },
                {
                    "level_learned_at": 15,
                    "move_learn_method": {
                        "name": "level-up",
                        "url": "/api/v2/move-learn-method/1/"
                    },
                    "version_group": {
                        "name": "sun-moon",
                        "url": "/api/v2/version-group/17/"
                    }
                },
                {
                    "level_learned_at": 15,
                    "move_learn_method": {
                        "name": "level-up",
                        "url": "/api/v2/move-learn-method/1/"
                    },
                    "version_group": {
                        "name": "ultra-sun-ultra-moon",
                        "url": "/api/v2/version-group/18/"
                    }
                }
            ]
        },
        {
            "move": {
                "name": "water-gun",
                "url": "/api/v2/move/55/"
            },
            "version_group_details": [
                {
                    "level_learned_at": 1,
                    "move_learn_method": {
                        "name": "level-up",
                        "url": "/api/v2/move-learn-method/1/"
                    },
                    "version_group": {
                        "name": "x-y",
                        "url": "/api/v2/version-group/15/"
                    }
                },
                {
                    "level_learned_at": 1,
                    "move_learn_method": {
                        "name": "level-up",
                        "url": "/api/v2/move-learn-method/1/"
                    },
                    "version_group": {
                        "name": "omega-ruby-alpha-sapphire",
                        "url": "/api/v2/version-group/16/"
                    }
                },
                {
                    "level_learned_at": 1,
                    "move_learn_method": {
                        "name": "level-up",
                        "url": "/api/v2/move-learn-method/1/"
                    },
                    "version_group": {
                        "name": "sun-moon",
                        "url": "/api/v2/version-group/17/"
                    }
                },
                {
                    "level_learned_at": 1,
                    "move_learn_method": {
                        "name": "level-up",
                        "url": "/api/v2/move-learn-method/1/"
                    },
                    "version_group": {
                        "name": "ultra-sun-ultra-moon",
                        "url": "/api/v2/version-group/18/"
                    }
                }
            ]
        },
        {
            "move": {
                "name": "hydro-pump",
                "url": "/api/v2/move/56/"
            },
            "version_group_details": [
                {
                    "level_learned_at": 42,
                    "move_learn_method": {
                        "name": "level-up",
                        "url": "/api/v2/move-learn-method/1/"
                    },
                    "version_group": {
                        "name": "x-y",
                        "url": "/api/v2/version-group/15/"
                    }
                },
                {
                    "level_learned_at": 42,
                    "move_learn_method": {
                        "name": "level-up",
                        "url": "/api/v2/move-learn-method/1/"
                    },
                    "version_group": {
                        "name": "omega-ruby-alpha-sapphire",
                        "url": "/api/v2/version-group/16/"
                    }
                },
                {
                    "level_learned_at": 42,
                    "move_learn_method": {
                        "name": "level-up",
                        "url": "/api/v2/move-learn-method/1/"
                    },
                    "version_group": {
                        "name": "sun-moon",
                        "url": "/api/v2/version-group/17/"
                    }
                },
                {
                    "level_learned_at": 42,
                    "move_learn_method": {
                        "name": "level-up",
                        "url": "/api/v2/move-learn-method/1/"
                    },
                    "version_group": {
                        "name": "ultra-sun-ultra-moon",
                        "url": "/api/v2/version-group/18/"
                    }
                }
            ]
        },
        {
            "move": {
                "name": "surf",
                "url": "/api/v2/move/57/"
            },
            "version_group_details": [
                {
                    "level_learned_at": 0,
                    "move_learn_method": {
                        "name": "machine",
                        "url": "/api/v2/move-learn-method/4/"
                    },
                    "version_group": {
                        "name": "x-y",
                        "url": "/api/v2/version-group/15/"
                    }
                },
                {
                    "level_learned_at": 0,
                    "move_learn_method": {
                        "name": "machine",
                        "url": "/api/v2/move-learn-method/4/"
                    },
                    "version_group": {
                        "name": "omega-ruby-alpha-sapphire",
                        "url": "/api/v2/version-group/16/"
                    }
                },
                {
                    "level_learned_at": 0,
                    "move_learn_method": {
                        "name": "machine",
                        "url": "/api/v2/move-learn-method/4/"
                    },
                    "version_group": {
                        "name": "sun-moon",
                        "url": "/api/v2/version-group/17/"
                    }
                },
                {
                    "level_learned_at": 0,
                    "move_learn_method": {
                        "name": "machine",
                        "url": "/api/v2/move-learn-method/4/"
                    },
                    "version_group": {
                        "name": "ultra-sun-ultra-moon",
                        "url": "/api/v2/version-group/18/"
                    }
                }
            ]
        },
        {
            "move": {
                "name": "thunderbolt",
                "url": "/api/v2/move/85/"
            },
            "version_group_details": [
                {
                    "level_learned_at": 0,
                    "move_learn_method": {
                        "name": "machine",
                        "url": "/api/v2/move-learn-method/4/"
                    },
                    "version_group": {
                        "name": "x-y",
                        "url": "/api/v2/version-group/15/"
                    }
                },
                {
                    "level_learned_at": 0,
                    "move_learn_method": {
                        "name": "machine",
                        "url": "/api/v2/move-learn-method/4/"
                    },
                    "version_group": {
                        "name": "omega-ruby-alpha-sapphire",
                        "url": "/api/v2/version-group/16/"
                    }
                },
                {
                    "level_learned_at": 0,
                    "move_learn_method": {
                        "name": "machine",
                        "url": "/api/v2/move-learn-method/4/"
                    },
                    "version_group": {
                        "name": "sun-moon",
                        "url": "/api/v2/version-group/17/"
                    }
                },
                {
                    "level_learned_at": 0,
                    "move_learn_method": {
                        "name": "machine",
                        "url": "/api/v2/move-learn-method/4/"
                    },
                    "version_group": {
                        "name": "ultra-sun-ultra-moon",
                        "url": "/api/v2/version-group/18/"
                    }
                }
            ]
        },
        {
            "move": {
                "name": "toxic",
                "url": "/api/v2/move/92/"
            },
            "version_group_details": [
                {
                    "level_learned_at": 32,
                    "move_learn_method": {
                        "name": "level-up",
                        "url": "/api/v2/move-learn-method/1/"
                    },
                    "version_group": {
                        "name": "x-y",
                        "url": "/api/v2/version-group/15/"
                    }
                },
                {
                    "level_learned_at": 0,
                    "move_learn_method": {
                        "name": "machine",
                        "url": "/api/v2/move-learn-method/4/"
                    },
                    "version_group": {
                        "name": "x-y",
                        "url": "/api/v2/version-group/15/"
                    }
                },
                {
                    "level_learned_at": 32,
                    "move_learn_method": {
                        "name": "level-up",
                        "url": "/api/v2/move-learn-method/1/"
                    },
                    "version_group": {
                        "name": "omega-ruby-alpha-sapphire",
                        "url": "/api/v2/version-group/16/"
                    }
                },
                {
                    "level_learned_at": 0,
                    "move_learn_method": {
                        "name": "machine",
                        "url": "/api/v2/move-learn-method/4/"
                    },
                    "version_group": {
                        "name": "omega-ruby-alpha-sapphire",
                        "url": "/api/v2/version-group/16/"
                    }
                },
                {
                    "level_learned_at": 32,
                    "move_learn_method": {
                        "name": "level-up",
                        "url": "/api/v2/move-learn-method/1/"
                    },
                    "version_group": {
                        "name": "sun-moon",
                        "url": "/api/v2/version-group/17/"
                    }
                },
                {
                    "level_learned_at": 0,
                    "move_learn_method": {
                        "name": "machine",
                        "url": "/api/v2/move-learn-method/4/"
                    },
                    "version_group": {
                        "name": "sun-moon",
                        "url": "/api/v2/version-group/17/"
                    }
                },
                {
                    "level_learned_at": 32,
                    "move_learn_method": {
                        "name": "level-up",
                        "url": "/api/v2/move-learn-method/1/"
                    },
                    "version_group": {
                        "name": "ultra-sun-ultra-moon",
                        "url": "/api/v2/version-group/18/"
                    }
                },
                {
                    "level_learned_at": 0,
                    "move_learn_method": {
                        "name": "machine",
                        "url": "/api/v2/move-learn-method/4/"
                    },
                    "version_group": {
                        "name": "ultra-sun-ultra-moon",
                        "url": "/api/v2/version-group/18/"
                    }
                }
            ]
        },
        {
            "move": {
                "name": "double-team",
                "url": "/api/v2/move/104/"
            },
            "version_group_details": [
                {
                    "level_learned_at": 28,
                    "move_learn_method": {
                        "name": "level-up",
                        "url": "/api/v2/move-learn-method/1/"
                    },
                    "version_group": {
                        "name": "x-y",
                        "url": "/api/v2/version-group/15/"
                    }
                },
                {
                    "level_learned_at": 0,
                    "move_learn_method": {
                        "name": "machine",
                        "url": "/api/v2/move-learn-method/4/"
                    },
                    "version_group": {
                        "name": "x-y",
                        "url": "/api/v2/version-group/15/"
                    }
                },
                {
                    "level_learned_at": 28,
                    "move_learn_method": {
                        "name": "level-up",
                        "url": "/api/v2/move-learn-method/1/"
                    },
                    "version_group": {
                        "name": "omega-ruby-alpha-sapphire",
                        "url": "/api/v2/version-group/16/"
                    }
                },
                {
                    "level_learned_at": 0,
                    "move_learn_method": {
                        "name": "machine",
                        "url": "/api/v2/move-learn-method/4/"
                    },
                    "version_group": {
                        "name": "omega-ruby-alpha-sapphire",
                        "url": "/api/v2/version-group/16/"
                    }
                },
                {
                    "level_learned_at": 28,
                    "move_learn_method": {
                        "name": "level-up",
                        "url": "/api/v2/move-learn-method/1/"
                    },
                    "version_group": {
                        "name": "sun-moon",
                        "url": "/api/v2/version-group/17/"
                    }
                },
                {
                    "level_learned_at": 0,
                    "move_learn_method": {
                        "name": "machine",
                        "url": "/api/v2/move-learn-method/4/"
                    },
                    "version_group": {
                        "name": "sun-moon",
                        "url": "/api/v2/version-group/17/"
                    }
                },
                {
                    "level_learned_at": 28,
                    "move_learn_method": {
                        "name": "level-up",
                        "url": "/api/v2/move-learn-method/1/"
                    },
                    "version_group": {
                        "name": "ultra-sun-ultra-moon",
                        "url": "/api/v2/version-group/18/"
                    }
                },
                {
                    "level_learned_at": 0,
                    "move_learn_method": {
                        "name": "machine",
                        "url": "/api/v2/move-learn-method/4/"
                    },
                    "version_group": {
                        "name": "ultra-sun-ultra-moon",
                        "url": "/api/v2/version-group/18/"
                    }
                }
            ]
        },
        {
            "move": {
                "name": "smokescreen",
                "url": "/api/v2/move/108/"
            },
            "version_group_details": [
                {
                    "level_learned_at": 1,
                    "move_learn_method": {
                        "name": "level-up",
                        "url": "/api/v2/move-learn-method/1/"
                    },
                    "version_group": {
                        "name": "x-y",
                        "url": "/api/v2/version-group/15/"
                    }
                },
                {
                    "level_learned_at": 1,
                    "move_learn_method": {
                        "name": "level-up",
                        "url": "/api/v2/move-learn-method/1/"
                    },
                    "version_group": {
                        "name": "omega-ruby-alpha-sapphire",
                        "url": "/api/v2/version-group/16/"
                    }
                },
                {
                    "level_learned_at": 1,
                    "move_learn_method": {
                        "name": "level-up",
                        "url": "/api/v2/move-learn-method/1/"
                    },
                    "version_group": {
                        "name": "sun-moon",
                        "url": "/api/v2/version-group/17/"
                    }
                },
                {
                    "level_learned_at": 1,
                    "move_learn_method": {
                        "name": "level-up",
                        "url": "/api/v2/move-learn-method/1/"
                    },
                    "version_group": {
                        "name": "ultra-sun-ultra-moon",
                        "url": "/api/v2/version-group/18/"
                    }
                }
            ]
        },
        {
            "move": {
                "name": "haze",
                "url": "/api/v2/move/114/"
            },
            "version_group_details": [
                {
                    "level_learned_at": 0,
                    "move_learn_method": {
                        "name": "egg",
                        "url": "/api/v2/move-learn-method/2/"
                    },
                    "version_group": {
                        "name": "x-y",
                        "url": "/api/v2/version-group/15/"
                    }
                },
                {
                    "level_learned_at": 0,
                    "move_learn_method": {
                        "name": "egg",
                        "url": "/api/v2/move-learn-method/2/"
                    },
                    "version_group": {
                        "name": "omega-ruby-alpha-sapphire",
                        "url": "/api/v2/version-group/16/"
                    }
                },
                {
                    "level_learned_at": 0,
                    "move_learn_method": {
                        "name": "egg",
                        "url": "/api/v2/move-learn-method/2/"
                    },
                    "version_group": {
                        "name": "sun-moon",
                        "url": "/api/v2/version-group/17/"
                    }
                },
                {
                    "level_learned_at": 0,
                    "move_learn_method": {
                        "name": "egg",
                        "url": "/api/v2/move-learn-method/2/"
                    },
                    "version_group": {
                        "name": "ultra-sun-ultra-moon",
                        "url": "/api/v2/version-group/18/"
                    }
                }
            ]
        },
        {
            "move": {
                "name": "waterfall",
                "url": "/api/v2/move/127/"
            },
            "version_group_details": [
                {
                    "level_learned_at": 0,
                    "move_learn_method": {
                        "name": "machine",
                        "url": "/api/v2/move-learn-method/4/"
                    },
                    "version_group": {
                        "name": "x-y",
                        "url": "/api/v2/version-group/15/"
                    }
                },
                {
                    "level_learned_at": 0,
                    "move_learn_method": {
                        "name": "machine",
                        "url": "/api/v2/move-learn-method/4/"
                    },
                    "version_group": {
                        "name": "omega-ruby-alpha-sapphire",
                        "url": "/api/v2/version-group/16/"
                    }
                },
                {
                    "level_learned_at": 0,
                    "move_learn_method": {
                        "name": "machine",
                        "url": "/api/v2/move-learn-method/4/"
                    },
                    "version_group": {
                        "name": "sun-moon",
                        "url": "/api/v2/version-group/17/"
                    }
                },
                {
                    "level_learned_at": 0,
                    "move_learn_method": {
                        "name": "machine",
                        "url": "/api/v2/move-learn-method/4/"
                    },
                    "version_group": {
                        "name": "ultra-sun-ultra-moon",
                        "url": "/api/v2/version-group/18/"
                    }
                }
            ]
        },
        {
            "move": {
                "name": "bubble",
                "url": "/api/v2/move/145/"
            },
            "version_group_details": [
                {
                    "level_learned_at": 12,
                    "move_learn_method": {
                        "name": "level-up",
                        "url": "/api/v2/move-learn-method/1/"
                    },
                    "version_group": {
                        "name": "x-y",
                        "url": "/api/v2/version-group/15/"
                    }
                },
                {
                    "level_learned_at": 12,
                    "move_learn_method": {
                        "name": "level-up",
                        "url": "/api/v2/move-learn-method/1/"
                    },
                    "version_group": {
                        "name": "omega-ruby-alpha-sapphire",
                        "url": "/api/v2/version-group/16/"
                    }
                },
                {
                    "level_learned_at": 12,
                    "move_learn_method": {
                        "name": "level-up",
                        "url": "/api/v2/move-learn-method/1/"
                    },
                    "version_group": {
                        "name": "sun-moon",
                        "url": "/api/v2/version-group/17/"
                    }
                },
                {
                    "level_learned_at": 12,
                    "move_learn_method": {
                        "name": "level-up",
                        "url": "/api/v2/move-learn-method/1/"
                    },
                    "version_group": {
                        "name": "ultra-sun-ultra-moon",
                        "url": "/api/v2/version-group/18/"
                    }
                }
            ]
        },
        {
            "move": {
                "name": "acid-armor",
                "url": "/api/v2/move/151/"
            },
            "version_group_details": [
                {
                    "level_learned_at": 0,
                    "move_learn_method": {
                        "name": "egg",
                        "url": "/api/v2/move-learn-method/2/"
                    },
                    "version_group": {
                        "name": "x-y",
                        "url": "/api/v2/version-group/15/"
                    }
                },
                {
                    "level_learned_at": 0,
                    "move_learn_method": {
                        "name": "egg",
                        "url": "/api/v2/move-learn-method/2/"
                    },
                    "version_group": {
                        "name": "omega-ruby-alpha-sapphire",
                        "url": "/api/v2/version-group/16/"
                    }
                },
                {
                    "level_learned_at": 0,
                    "move_learn_method": {
                        "name": "egg",
                        "url": "/api/v2/move-learn-method/2/"
                    },
                    "version_group": {
                        "name": "sun-moon",
                        "url": "/api/v2/version-group/17/"
                    }
                },
                {
                    "level_learned_at": 0,
                    "move_learn_method": {
                        "name": "egg",
                        "url": "/api/v2/move-learn-method/2/"
                    },
                    "version_group": {
                        "name": "ultra-sun-ultra-moon",
                        "url": "/api/v2/version-group/18/"
                    }
                }
            ]
        },
        {
            "move": {
                "name": "rest",
                "url": "/api/v2/move/156/"
            },
            "version_group_details": [
                {
                    "level_learned_at": 0,
                    "move_learn_method": {
                        "name": "machine",
                        "url": "/api/v2/move-learn-method/4/"
                    },
                    "version_group": {
                        "name": "x-y",
                        "url": "/api/v2/version-group/15/"
                    }
                },
                {
                    "level_learned_at": 0,
                    "move_learn_method": {
                        "name": "machine",
                        "url": "/api/v2/move-learn-method/4/"
                    },
                    "version_group": {
                        "name": "omega-ruby-alpha-sapphire",
                        "url": "/api/v2/version-group/16/"
                    }
                },
                {
                    "level_learned_at": 0,
                    "move_learn_method": {
                        "name": "machine",
                        "url": "/api/v2/move-learn-method/4/"
                    },
                    "version_group": {
                        "name": "sun-moon",
                        "url": "/api/v2/version-group/17/"
                    }
                },
                {
                    "level_learned_at": 0,
                    "move_learn_method": {
                        "name": "machine",
                        "url": "/api/v2/move-learn-method/4/"
                    },
                    "version_group": {
                        "name": "ultra-sun-ultra-moon",
                        "url": "/api/v2/version-group/18/"
                    }
                }
            ]
        },
        {
            "move": {
                "name": "substitute",
                "url": "/api/v2/move/164/"
            },
            "version_group_details": [
                {
                    "level_learned_at": 0,
                    "move_learn_method": {
                        "name": "machine",
                        "url": "/api/v2/move-learn-method/4/"
                    },
                    "version_group": {
                        "name": "x-y",
                        "url": "/api/v2/version-group/15/"
                    }
                },
                {
                    "level_learned_at": 0,
                    "move_learn_method": {
                        "name": "machine",
                        "url": "/api/v2/move-learn-method/4/"
                    },
                    "version_group": {
                        "name": "omega-ruby-alpha-sapphire",
                        "url": "/api/v2/version-group/16/"
                    }
                },
                {
                    "level_learned_at": 0,
                    "move_learn_method": {
                        "name": "machine",
                        "url": "/api/v2/move-learn-method/4/"
                    },
                    "version_group": {
                        "name": "sun-moon",
                        "url": "/api/v2/version-group/17/"
                    }
                },
                {
                    "level_learned_at": 0,
                    "move_learn_method": {
                        "name": "machine",
                        "url": "/api/v2/move-learn-method/4/"
                    },
                    "version_group": {
                        "name": "ultra-sun-ultra-moon",
                        "url": "/api/v2/version-group/18/"
                    }
                }
            ]
        },
        {
            "move": {
                "name": "snore",
                "url": "/api/v2/move/173/"
            },
            "version_group_details": [
                {
                    "level_learned_at": 0,
                    "move_learn_method": {
                        "name": "tutor",
                        "url": "/api/v2/move-learn-method/3/"
                    },
                    "version_group": {
                        "name": "omega-ruby-alpha-sapphire",
                        "url": "/api/v2/version-group/16/"
                    }
                }
            ]
        },
        {
            "move": {
                "name": "protect",
                "url": "/api/v2/move/182/"
            },
            "version_group_details": [
                {
                    "level_learned_at": 0,
                    "move_learn_method": {
                        "name": "machine",
                        "url": "/api/v2/move-learn-method/4/"
                    },
                    "version_group": {
                        "name": "x-y",
                        "url": "/api/v2/version-group/15/"
                    }
                },
                {
                    "level_learned_at": 0,
                    "move_learn_method": {
                        "name": "machine",
                        "url": "/api/v2/move-learn-method/4/"
                    },
                    "version_group": {
                        "name": "omega-ruby-alpha-sapphire",
                        "url": "/api/v2/version-group/16/"
                    }
                },
                {
                    "level_learned_at": 0,
                    "move_learn_method": {
                        "name": "machine",
                        "url": "/api/v2/move-learn-method/4/"
                    },
                    "version_group": {
                        "name": "sun-moon",
                        "url": "/api/v2/version-group/17/"
                    }
                },
                {
                    "level_learned_at": 0,
                    "move_learn_method": {
                        "name": "machine",
                        "url": "/api/v2/move-learn-method/4/"
                    },
                    "version_group": {
                        "name": "ultra-sun-ultra-moon",
                        "url": "/api/v2/version-group/18/"
                    }
                }
            ]
        },
        {
            "move": {
                "name": "feint-attack",
                "url": "/api/v2/move/185/"
            },
            "version_group_details": [
                {
                    "level_learned_at": 5,
                    "move_learn_method": {
                        "name": "level-up",
                        "url": "/api/v2/move-learn-method/1/"
                    },
                    "version_group": {
                        "name": "x-y",
                        "url": "/api/v2/version-group/15/"
                    }
                },
                {
                    "level_learned_at": 5,
                    "move_learn_method": {
                        "name": "level-up",
                        "url": "/api/v2/move-learn-method/1/"
                    },
                    "version_group": {
                        "name": "omega-ruby-alpha-sapphire",
                        "url": "/api/v2/version-group/16/"
                    }
                },
                {
                    "level_learned_at": 5,
                    "move_learn_method": {
                        "name": "level-up",
                        "url": "/api/v2/move-learn-method/1/"
                    },
                    "version_group": {
                        "name": "sun-moon",
                        "url": "/api/v2/version-group/17/"
                    }
                },
                {
                    "level_learned_at": 5,
                    "move_learn_method": {
                        "name": "level-up",
                        "url": "/api/v2/move-learn-method/1/"
                    },
                    "version_group": {
                        "name": "ultra-sun-ultra-moon",
                        "url": "/api/v2/version-group/18/"
                    }
                }
            ]
        },
        {
            "move": {
                "name": "sludge-bomb",
                "url": "/api/v2/move/188/"
            },
            "version_group_details": [
                {
                    "level_learned_at": 38,
                    "move_learn_method": {
                        "name": "level-up",
                        "url": "/api/v2/move-learn-method/1/"
                    },
                    "version_group": {
                        "name": "x-y",
                        "url": "/api/v2/version-group/15/"
                    }
                },
                {
                    "level_learned_at": 0,
                    "move_learn_method": {
                        "name": "machine",
                        "url": "/api/v2/move-learn-method/4/"
                    },
                    "version_group": {
                        "name": "x-y",
                        "url": "/api/v2/version-group/15/"
                    }
                },
                {
                    "level_learned_at": 38,
                    "move_learn_method": {
                        "name": "level-up",
                        "url": "/api/v2/move-learn-method/1/"
                    },
                    "version_group": {
                        "name": "omega-ruby-alpha-sapphire",
                        "url": "/api/v2/version-group/16/"
                    }
                },
                {
                    "level_learned_at": 0,
                    "move_learn_method": {
                        "name": "machine",
                        "url": "/api/v2/move-learn-method/4/"
                    },
                    "version_group": {
                        "name": "omega-ruby-alpha-sapphire",
                        "url": "/api/v2/version-group/16/"
                    }
                },
                {
                    "level_learned_at": 38,
                    "move_learn_method": {
                        "name": "level-up",
                        "url": "/api/v2/move-learn-method/1/"
                    },
                    "version_group": {
                        "name": "sun-moon",
                        "url": "/api/v2/version-group/17/"
                    }
                },
                {
                    "level_learned_at": 0,
                    "move_learn_method": {
                        "name": "machine",
                        "url": "/api/v2/move-learn-method/4/"
                    },
                    "version_group": {
                        "name": "sun-moon",
                        "url": "/api/v2/version-group/17/"
                    }
                },
                {
                    "level_learned_at": 38,
                    "move_learn_method": {
                        "name": "level-up",
                        "url": "/api/v2/move-learn-method/1/"
                    },
                    "version_group": {
                        "name": "ultra-sun-ultra-moon",
                        "url": "/api/v2/version-group/18/"
                    }
                },
                {
                    "level_learned_at": 0,
                    "move_learn_method": {
                        "name": "machine",
                        "url": "/api/v2/move-learn-method/4/"
                    },
                    "version_group": {
                        "name": "ultra-sun-ultra-moon",
                        "url": "/api/v2/version-group/18/"
                    }
                }
            ]
        },
        {
            "move": {
                "name": "icy-wind",
                "url": "/api/v2/move/196/"
            },
            "version_group_details": [
                {
                    "level_learned_at": 0,
                    "move_learn_method": {
                        "name": "tutor",
                        "url": "/api/v2/move-learn-method/3/"
                    },
                    "version_group": {
                        "name": "omega-ruby-alpha-sapphire",
                        "url": "/api/v2/version-group/16/"
                    }
                }
            ]
        },
        {
            "move": {
                "name": "outrage",
                "url": "/api/v2/move/200/"
            },
            "version_group_details": [
                {
                    "level_learned_at": 0,
                    "move_learn_method": {
                        "name": "tutor",
                        "url": "/api/v2/move-learn-method/3/"
                    },
                    "version_group": {
                        "name": "omega-ruby-alpha-sapphire",
                        "url": "/api/v2/version-group/16/"
                    }
                }
            ]
        },
        {
            "move": {
                "name": "swagger",
                "url": "/api/v2/move/207/"
            },
            "version_group_details": [
                {
                    "level_learned_at": 0,
                    "move_learn_method": {
                        "name": "machine",
                        "url": "/api/v2/move-learn-method/4/"
                    },
                    "version_group": {
                        "name": "x-y",
                        "url": "/api/v2/version-group/15/"
                    }
                },
                {
                    "level_learned_at": 0,
                    "move_learn_method": {
                        "name": "machine",
                        "url": "/api/v2/move-learn-method/4/"
                    },
                    "version_group": {
                        "name": "omega-ruby-alpha-sapphire",
                        "url": "/api/v2/version-group/16/"
                    }
                },
                {
                    "level_learned_at": 0,
                    "move_learn_method": {
                        "name": "machine",
                        "url": "/api/v2/move-learn-method/4/"
                    },
                    "version_group": {
                        "name": "sun-moon",
                        "url": "/api/v2/version-group/17/"
                    }
                },
                {
                    "level_learned_at": 0,
                    "move_learn_method": {
                        "name": "machine",
                        "url": "/api/v2/move-learn-method/4/"
                    },
                    "version_group": {
                        "name": "ultra-sun-ultra-moon",
                        "url": "/api/v2/version-group/18/"
                    }
                }
            ]
        },
        {
            "move": {
                "name": "attract",
                "url": "/api/v2/move/213/"
            },
            "version_group_details": [
                {
                    "level_learned_at": 0,
                    "move_learn_method": {
                        "name": "machine",
                        "url": "/api/v2/move-learn-method/4/"
                    },
                    "version_group": {
                        "name": "x-y",
                        "url": "/api/v2/version-group/15/"
                    }
                },
                {
                    "level_learned_at": 0,
                    "move_learn_method": {
                        "name": "machine",
                        "url": "/api/v2/move-learn-method/4/"
                    },
                    "version_group": {
                        "name": "omega-ruby-alpha-sapphire",
                        "url": "/api/v2/version-group/16/"
                    }
                },
                {
                    "level_learned_at": 0,
                    "move_learn_method": {
                        "name": "machine",
                        "url": "/api/v2/move-learn-method/4/"
                    },
                    "version_group": {
                        "name": "sun-moon",
                        "url": "/api/v2/version-group/17/"
                    }
                },
                {
                    "level_learned_at": 0,
                    "move_learn_method": {
                        "name": "machine",
                        "url": "/api/v2/move-learn-method/4/"
                    },
                    "version_group": {
                        "name": "ultra-sun-ultra-moon",
                        "url": "/api/v2/version-group/18/"
                    }
                }
            ]
        },
        {
            "move": {
                "name": "sleep-talk",
                "url": "/api/v2/move/214/"
            },
            "version_group_details": [
                {
                    "level_learned_at": 0,
                    "move_learn_method": {
                        "name": "machine",
                        "url": "/api/v2/move-learn-method/4/"
                    },
                    "version_group": {
                        "name": "x-y",
                        "url": "/api/v2/version-group/15/"
                    }
                },
                {
                    "level_learned_at": 0,
                    "move_learn_method": {
                        "name": "machine",
                        "url": "/api/v2/move-learn-method/4/"
                    },
                    "version_group": {
                        "name": "omega-ruby-alpha-sapphire",
                        "url": "/api/v2/version-group/16/"
                    }
                },
                {
                    "level_learned_at": 0,
                    "move_learn_method": {
                        "name": "machine",
                        "url": "/api/v2/move-learn-method/4/"
                    },
                    "version_group": {
                        "name": "sun-moon",
                        "url": "/api/v2/version-group/17/"
                    }
                },
                {
                    "level_learned_at": 0,
                    "move_learn_method": {
                        "name": "machine",
                        "url": "/api/v2/move-learn-method/4/"
                    },
                    "version_group": {
                        "name": "ultra-sun-ultra-moon",
                        "url": "/api/v2/version-group/18/"
                    }
                }
            ]
        },
        {
            "move": {
                "name": "return",
                "url": "/api/v2/move/216/"
            },
            "version_group_details": [
                {
                    "level_learned_at": 0,
                    "move_learn_method": {
                        "name": "machine",
                        "url": "/api/v2/move-learn-method/4/"
                    },
                    "version_group": {
                        "name": "x-y",
                        "url": "/api/v2/version-group/15/"
                    }
                },
                {
                    "level_learned_at": 0,
                    "move_learn_method": {
                        "name": "machine",
                        "url": "/api/v2/move-learn-method/4/"
                    },
                    "version_group": {
                        "name": "omega-ruby-alpha-sapphire",
                        "url": "/api/v2/version-group/16/"
                    }
                },
                {
                    "level_learned_at": 0,
                    "move_learn_method": {
                        "name": "machine",
                        "url": "/api/v2/move-learn-method/4/"
                    },
                    "version_group": {
                        "name": "sun-moon",
                        "url": "/api/v2/version-group/17/"
                    }
                },
                {
                    "level_learned_at": 0,
                    "move_learn_method": {
                        "name": "machine",
                        "url": "/api/v2/move-learn-method/4/"
                    },
                    "version_group": {
                        "name": "ultra-sun-ultra-moon",
                        "url": "/api/v2/version-group/18/"
                    }
                }
            ]
        },
        {
            "move": {
                "name": "frustration",
                "url": "/api/v2/move/218/"
            },
            "version_group_details": [
                {
                    "level_learned_at": 0,
                    "move_learn_method": {
                        "name": "machine",
                        "url": "/api/v2/move-learn-method/4/"
                    },
                    "version_group": {
                        "name": "x-y",
                        "url": "/api/v2/version-group/15/"
                    }
                },
                {
                    "level_learned_at": 0,
                    "move_learn_method": {
                        "name": "machine",
                        "url": "/api/v2/move-learn-method/4/"
                    },
                    "version_group": {
                        "name": "omega-ruby-alpha-sapphire",
                        "url": "/api/v2/version-group/16/"
                    }
                },
                {
                    "level_learned_at": 0,
                    "move_learn_method": {
                        "name": "machine",
                        "url": "/api/v2/move-learn-method/4/"
                    },
                    "version_group": {
                        "name": "sun-moon",
                        "url": "/api/v2/version-group/17/"
                    }
                },
                {
                    "level_learned_at": 0,
                    "move_learn_method": {
                        "name": "machine",
                        "url": "/api/v2/move-learn-method/4/"
                    },
                    "version_group": {
                        "name": "ultra-sun-ultra-moon",
                        "url": "/api/v2/version-group/18/"
                    }
                }
            ]
        },
        {
            "move": {
                "name": "iron-tail",
                "url": "/api/v2/move/231/"
            },
            "version_group_details": [
                {
                    "level_learned_at": 0,
                    "move_learn_method": {
                        "name": "tutor",
                        "url": "/api/v2/move-learn-method/3/"
                    },
                    "version_group": {
                        "name": "omega-ruby-alpha-sapphire",
                        "url": "/api/v2/version-group/16/"
                    }
                }
            ]
        },
        {
            "move": {
                "name": "hidden-power",
                "url": "/api/v2/move/237/"
            },
            "version_group_details": [
                {
                    "level_learned_at": 0,
                    "move_learn_method": {
                        "name": "machine",
                        "url": "/api/v2/move-learn-method/4/"
                    },
                    "version_group": {
                        "name": "x-y",
                        "url": "/api/v2/version-group/15/"
                    }
                },
                {
                    "level_learned_at": 0,
                    "move_learn_method": {
                        "name": "machine",
                        "url": "/api/v2/move-learn-method/4/"
                    },
                    "version_group": {
                        "name": "omega-ruby-alpha-sapphire",
                        "url": "/api/v2/version-group/16/"
                    }
                },
                {
                    "level_learned_at": 0,
                    "move_learn_method": {
                        "name": "machine",
                        "url": "/api/v2/move-learn-method/4/"
                    },
                    "version_group": {
                        "name": "sun-moon",
                        "url": "/api/v2/version-group/17/"
                    }
                },
                {
                    "level_learned_at": 0,
                    "move_learn_method": {
                        "name": "machine",
                        "url": "/api/v2/move-learn-method/4/"
                    },
                    "version_group": {
                        "name": "ultra-sun-ultra-moon",
                        "url": "/api/v2/version-group/18/"
                    }
                }
            ]
        },
        {
            "move": {
                "name": "rain-dance",
                "url": "/api/v2/move/240/"
            },
            "version_group_details": [
                {
                    "level_learned_at": 0,
                    "move_learn_method": {
                        "name": "machine",
                        "url": "/api/v2/move-learn-method/4/"
                    },
                    "version_group": {
                        "name": "x-y",
                        "url": "/api/v2/version-group/15/"
                    }
                },
                {
                    "level_learned_at": 0,
                    "move_learn_method": {
                        "name": "machine",
                        "url": "/api/v2/move-learn-method/4/"
                    },
                    "version_group": {
                        "name": "omega-ruby-alpha-sapphire",
                        "url": "/api/v2/version-group/16/"
                    }
                },
                {
                    "level_learned_at": 0,
                    "move_learn_method": {
                        "name": "machine",
                        "url": "/api/v2/move-learn-method/4/"
                    },
                    "version_group": {
                        "name": "sun-moon",
                        "url": "/api/v2/version-group/17/"
                    }
                },
                {
                    "level_learned_at": 0,
                    "move_learn_method": {
                        "name": "machine",
                        "url": "/api/v2/move-learn-method/4/"
                    },
                    "version_group": {
                        "name": "ultra-sun-ultra-moon",
                        "url": "/api/v2/version-group/18/"
                    }
                }
            ]
        },
        {
            "move": {
                "name": "shadow-ball",
                "url": "/api/v2/move/247/"
            },
            "version_group_details": [
                {
                    "level_learned_at": 0,
                    "move_learn_method": {
                        "name": "machine",
                        "url": "/api/v2/move-learn-method/4/"
                    },
                    "version_group": {
                        "name": "x-y",
                        "url": "/api/v2/version-group/15/"
                    }
                },
                {
                    "level_learned_at": 0,
                    "move_learn_method": {
                        "name": "machine",
                        "url": "/api/v2/move-learn-method/4/"
                    },
                    "version_group": {
                        "name": "omega-ruby-alpha-sapphire",
                        "url": "/api/v2/version-group/16/"
                    }
                },
                {
                    "level_learned_at": 0,
                    "move_learn_method": {
                        "name": "machine",
                        "url": "/api/v2/move-learn-method/4/"
                    },
                    "version_group": {
                        "name": "sun-moon",
                        "url": "/api/v2/version-group/17/"
                    }
                },
                {
                    "level_learned_at": 0,
                    "move_learn_method": {
                        "name": "machine",
                        "url": "/api/v2/move-learn-method/4/"
                    },
                    "version_group": {
                        "name": "ultra-sun-ultra-moon",
                        "url": "/api/v2/version-group/18/"
                    }
                }
            ]
        },
        {
            "move": {
                "name": "hail",
                "url": "/api/v2/move/258/"
            },
            "version_group_details": [
                {
                    "level_learned_at": 0,
                    "move_learn_method": {
                        "name": "machine",
                        "url": "/api/v2/move-learn-method/4/"
                    },
                    "version_group": {
                        "name": "x-y",
                        "url": "/api/v2/version-group/15/"
                    }
                },
                {
                    "level_learned_at": 0,
                    "move_learn_method": {
                        "name": "machine",
                        "url": "/api/v2/move-learn-method/4/"
                    },
                    "version_group": {
                        "name": "omega-ruby-alpha-sapphire",
                        "url": "/api/v2/version-group/16/"
                    }
                },
                {
                    "level_learned_at": 0,
                    "move_learn_method": {
                        "name": "machine",
                        "url": "/api/v2/move-learn-method/4/"
                    },
                    "version_group": {
                        "name": "sun-moon",
                        "url": "/api/v2/version-group/17/"
                    }
                },
                {
                    "level_learned_at": 0,
                    "move_learn_method": {
                        "name": "machine",
                        "url": "/api/v2/move-learn-method/4/"
                    },
                    "version_group": {
                        "name": "ultra-sun-ultra-moon",
                        "url": "/api/v2/version-group/18/"
                    }
                }
            ]
        },
        {
            "move": {
                "name": "facade",
                "url": "/api/v2/move/263/"
            },
            "version_group_details": [
                {
                    "level_learned_at": 0,
                    "move_learn_method": {
                        "name": "machine",
                        "url": "/api/v2/move-learn-method/4/"
                    },
                    "version_group": {
                        "name": "x-y",
                        "url": "/api/v2/version-group/15/"
                    }
                },
                {
                    "level_learned_at": 0,
                    "move_learn_method": {
                        "name": "machine",
                        "url": "/api/v2/move-learn-method/4/"
                    },
                    "version_group": {
                        "name": "omega-ruby-alpha-sapphire",
                        "url": "/api/v2/version-group/16/"
                    }
                },
                {
                    "level_learned_at": 0,
                    "move_learn_method": {
                        "name": "machine",
                        "url": "/api/v2/move-learn-method/4/"
                    },
                    "version_group": {
                        "name": "sun-moon",
                        "url": "/api/v2/version-group/17/"
                    }
                },
                {
                    "level_learned_at": 0,
                    "move_learn_method": {
                        "name": "machine",
                        "url": "/api/v2/move-learn-method/4/"
                    },
                    "version_group": {
                        "name": "ultra-sun-ultra-moon",
                        "url": "/api/v2/version-group/18/"
                    }
                }
            ]
        },
        {
            "move": {
                "name": "secret-power",
                "url": "/api/v2/move/290/"
            },
            "version_group_details": [
                {
                    "level_learned_at": 0,
                    "move_learn_method": {
                        "name": "machine",
                        "url": "/api/v2/move-learn-method/4/"
                    },
                    "version_group": {
                        "name": "omega-ruby-alpha-sapphire",
                        "url": "/api/v2/version-group/16/"
                    }
                }
            ]
        },
        {
            "move": {
                "name": "dive",
                "url": "/api/v2/move/291/"
            },
            "version_group_details": [
                {
                    "level_learned_at": 0,
                    "move_learn_method": {
                        "name": "machine",
                        "url": "/api/v2/move-learn-method/4/"
                    },
                    "version_group": {
                        "name": "omega-ruby-alpha-sapphire",
                        "url": "/api/v2/version-group/16/"
                    }
                }
            ]
        },
        {
            "move": {
                "name": "camouflage",
                "url": "/api/v2/move/293/"
            },
            "version_group_details": [
                {
                    "level_learned_at": 19,
                    "move_learn_method": {
                        "name": "level-up",
                        "url": "/api/v2/move-learn-method/1/"
                    },
                    "version_group": {
                        "name": "x-y",
                        "url": "/api/v2/version-group/15/"
                    }
                },
                {
                    "level_learned_at": 19,
                    "move_learn_method": {
                        "name": "level-up",
                        "url": "/api/v2/move-learn-method/1/"
                    },
                    "version_group": {
                        "name": "omega-ruby-alpha-sapphire",
                        "url": "/api/v2/version-group/16/"
                    }
                },
                {
                    "level_learned_at": 19,
                    "move_learn_method": {
                        "name": "level-up",
                        "url": "/api/v2/move-learn-method/1/"
                    },
                    "version_group": {
                        "name": "sun-moon",
                        "url": "/api/v2/version-group/17/"
                    }
                },
                {
                    "level_learned_at": 19,
                    "move_learn_method": {
                        "name": "level-up",
                        "url": "/api/v2/move-learn-method/1/"
                    },
                    "version_group": {
                        "name": "ultra-sun-ultra-moon",
                        "url": "/api/v2/version-group/18/"
                    }
                }
            ]
        },
        {
            "move": {
                "name": "bounce",
                "url": "/api/v2/move/340/"
            },
            "version_group_details": [
                {
                    "level_learned_at": 0,
                    "move_learn_method": {
                        "name": "tutor",
                        "url": "/api/v2/move-learn-method/3/"
                    },
                    "version_group": {
                        "name": "omega-ruby-alpha-sapphire",
                        "url": "/api/v2/version-group/16/"
                    }
                }
            ]
        },
        {
            "move": {
                "name": "poison-tail",
                "url": "/api/v2/move/342/"
            },
            "version_group_details": [
                {
                    "level_learned_at": 23,
                    "move_learn_method": {
                        "name": "level-up",
                        "url": "/api/v2/move-learn-method/1/"
                    },
                    "version_group": {
                        "name": "x-y",
                        "url": "/api/v2/version-group/15/"
                    }
                },
                {
                    "level_learned_at": 23,
                    "move_learn_method": {
                        "name": "level-up",
                        "url": "/api/v2/move-learn-method/1/"
                    },
                    "version_group": {
                        "name": "omega-ruby-alpha-sapphire",
                        "url": "/api/v2/version-group/16/"
                    }
                },
                {
                    "level_learned_at": 23,
                    "move_learn_method": {
                        "name": "level-up",
                        "url": "/api/v2/move-learn-method/1/"
                    },
                    "version_group": {
                        "name": "sun-moon",
                        "url": "/api/v2/version-group/17/"
                    }
                },
                {
                    "level_learned_at": 23,
                    "move_learn_method": {
                        "name": "level-up",
                        "url": "/api/v2/move-learn-method/1/"
                    },
                    "version_group": {
                        "name": "ultra-sun-ultra-moon",
                        "url": "/api/v2/version-group/18/"
                    }
                }
            ]
        },
        {
            "move": {
                "name": "shock-wave",
                "url": "/api/v2/move/351/"
            },
            "version_group_details": [
                {
                    "level_learned_at": 0,
                    "move_learn_method": {
                        "name": "tutor",
                        "url": "/api/v2/move-learn-method/3/"
                    },
                    "version_group": {
                        "name": "omega-ruby-alpha-sapphire",
                        "url": "/api/v2/version-group/16/"
                    }
                }
            ]
        },
        {
            "move": {
                "name": "water-pulse",
                "url": "/api/v2/move/352/"
            },
            "version_group_details": [
                {
                    "level_learned_at": 25,
                    "move_learn_method": {
                        "name": "level-up",
                        "url": "/api/v2/move-learn-method/1/"
                    },
                    "version_group": {
                        "name": "x-y",
                        "url": "/api/v2/version-group/15/"
                    }
                },
                {
                    "level_learned_at": 25,
                    "move_learn_method": {
                        "name": "level-up",
                        "url": "/api/v2/move-learn-method/1/"
                    },
                    "version_group": {
                        "name": "omega-ruby-alpha-sapphire",
                        "url": "/api/v2/version-group/16/"
                    }
                },
                {
                    "level_learned_at": 0,
                    "move_learn_method": {
                        "name": "tutor",
                        "url": "/api/v2/move-learn-method/3/"
                    },
                    "version_group": {
                        "name": "omega-ruby-alpha-sapphire",
                        "url": "/api/v2/version-group/16/"
                    }
                },
                {
                    "level_learned_at": 25,
                    "move_learn_method": {
                        "name": "level-up",
                        "url": "/api/v2/move-learn-method/1/"
                    },
                    "version_group": {
                        "name": "sun-moon",
                        "url": "/api/v2/version-group/17/"
                    }
                },
                {
                    "level_learned_at": 25,
                    "move_learn_method": {
                        "name": "level-up",
                        "url": "/api/v2/move-learn-method/1/"
                    },
                    "version_group": {
                        "name": "ultra-sun-ultra-moon",
                        "url": "/api/v2/version-group/18/"
                    }
                }
            ]
        },
        {
            "move": {
                "name": "toxic-spikes",
                "url": "/api/v2/move/390/"
            },
            "version_group_details": [
                {
                    "level_learned_at": 0,
                    "move_learn_method": {
                        "name": "egg",
                        "url": "/api/v2/move-learn-method/2/"
                    },
                    "version_group": {
                        "name": "x-y",
                        "url": "/api/v2/version-group/15/"
                    }
                },
                {
                    "level_learned_at": 0,
                    "move_learn_method": {
                        "name": "egg",
                        "url": "/api/v2/move-learn-method/2/"
                    },
                    "version_group": {
                        "name": "omega-ruby-alpha-sapphire",
                        "url": "/api/v2/version-group/16/"
                    }
                },
                {
                    "level_learned_at": 0,
                    "move_learn_method": {
                        "name": "egg",
                        "url": "/api/v2/move-learn-method/2/"
                    },
                    "version_group": {
                        "name": "sun-moon",
                        "url": "/api/v2/version-group/17/"
                    }
                },
                {
                    "level_learned_at": 0,
                    "move_learn_method": {
                        "name": "egg",
                        "url": "/api/v2/move-learn-method/2/"
                    },
                    "version_group": {
                        "name": "ultra-sun-ultra-moon",
                        "url": "/api/v2/version-group/18/"
                    }
                }
            ]
        },
        {
            "move": {
                "name": "aqua-tail",
                "url": "/api/v2/move/401/"
            },
            "version_group_details": [
                {
                    "level_learned_at": 35,
                    "move_learn_method": {
                        "name": "level-up",
                        "url": "/api/v2/move-learn-method/1/"
                    },
                    "version_group": {
                        "name": "x-y",
                        "url": "/api/v2/version-group/15/"
                    }
                },
                {
                    "level_learned_at": 35,
                    "move_learn_method": {
                        "name": "level-up",
                        "url": "/api/v2/move-learn-method/1/"
                    },
                    "version_group": {
                        "name": "omega-ruby-alpha-sapphire",
                        "url": "/api/v2/version-group/16/"
                    }
                },
                {
                    "level_learned_at": 0,
                    "move_learn_method": {
                        "name": "tutor",
                        "url": "/api/v2/move-learn-method/3/"
                    },
                    "version_group": {
                        "name": "omega-ruby-alpha-sapphire",
                        "url": "/api/v2/version-group/16/"
                    }
                },
                {
                    "level_learned_at": 35,
                    "move_learn_method": {
                        "name": "level-up",
                        "url": "/api/v2/move-learn-method/1/"
                    },
                    "version_group": {
                        "name": "sun-moon",
                        "url": "/api/v2/version-group/17/"
                    }
                },
                {
                    "level_learned_at": 35,
                    "move_learn_method": {
                        "name": "level-up",
                        "url": "/api/v2/move-learn-method/1/"
                    },
                    "version_group": {
                        "name": "ultra-sun-ultra-moon",
                        "url": "/api/v2/version-group/18/"
                    }
                }
            ]
        },
        {
            "move": {
                "name": "dragon-pulse",
                "url": "/api/v2/move/406/"
            },
            "version_group_details": [
                {
                    "level_learned_at": 49,
                    "move_learn_method": {
                        "name": "level-up",
                        "url": "/api/v2/move-learn-method/1/"
                    },
                    "version_group": {
                        "name": "x-y",
                        "url": "/api/v2/version-group/15/"
                    }
                },
                {
                    "level_learned_at": 49,
                    "move_learn_method": {
                        "name": "level-up",
                        "url": "/api/v2/move-learn-method/1/"
                    },
                    "version_group": {
                        "name": "omega-ruby-alpha-sapphire",
                        "url": "/api/v2/version-group/16/"
                    }
                },
                {
                    "level_learned_at": 0,
                    "move_learn_method": {
                        "name": "tutor",
                        "url": "/api/v2/move-learn-method/3/"
                    },
                    "version_group": {
                        "name": "omega-ruby-alpha-sapphire",
                        "url": "/api/v2/version-group/16/"
                    }
                },
                {
                    "level_learned_at": 49,
                    "move_learn_method": {
                        "name": "level-up",
                        "url": "/api/v2/move-learn-method/1/"
                    },
                    "version_group": {
                        "name": "sun-moon",
                        "url": "/api/v2/version-group/17/"
                    }
                },
                {
                    "level_learned_at": 49,
                    "move_learn_method": {
                        "name": "level-up",
                        "url": "/api/v2/move-learn-method/1/"
                    },
                    "version_group": {
                        "name": "ultra-sun-ultra-moon",
                        "url": "/api/v2/version-group/18/"
                    }
                }
            ]
        },
        {
            "move": {
                "name": "gunk-shot",
                "url": "/api/v2/move/441/"
            },
            "version_group_details": [
                {
                    "level_learned_at": 0,
                    "move_learn_method": {
                        "name": "tutor",
                        "url": "/api/v2/move-learn-method/3/"
                    },
                    "version_group": {
                        "name": "omega-ruby-alpha-sapphire",
                        "url": "/api/v2/version-group/16/"
                    }
                }
            ]
        },
        {
            "move": {
                "name": "venoshock",
                "url": "/api/v2/move/474/"
            },
            "version_group_details": [
                {
                    "level_learned_at": 0,
                    "move_learn_method": {
                        "name": "machine",
                        "url": "/api/v2/move-learn-method/4/"
                    },
                    "version_group": {
                        "name": "x-y",
                        "url": "/api/v2/version-group/15/"
                    }
                },
                {
                    "level_learned_at": 0,
                    "move_learn_method": {
                        "name": "machine",
                        "url": "/api/v2/move-learn-method/4/"
                    },
                    "version_group": {
                        "name": "omega-ruby-alpha-sapphire",
                        "url": "/api/v2/version-group/16/"
                    }
                },
                {
                    "level_learned_at": 0,
                    "move_learn_method": {
                        "name": "machine",
                        "url": "/api/v2/move-learn-method/4/"
                    },
                    "version_group": {
                        "name": "sun-moon",
                        "url": "/api/v2/version-group/17/"
                    }
                },
                {
                    "level_learned_at": 0,
                    "move_learn_method": {
                        "name": "machine",
                        "url": "/api/v2/move-learn-method/4/"
                    },
                    "version_group": {
                        "name": "ultra-sun-ultra-moon",
                        "url": "/api/v2/version-group/18/"
                    }
                }
            ]
        },
        {
            "move": {
                "name": "sludge-wave",
                "url": "/api/v2/move/482/"
            },
            "version_group_details": [
                {
                    "level_learned_at": 0,
                    "move_learn_method": {
                        "name": "machine",
                        "url": "/api/v2/move-learn-method/4/"
                    },
                    "version_group": {
                        "name": "x-y",
                        "url": "/api/v2/version-group/15/"
                    }
                },
                {
                    "level_learned_at": 0,
                    "move_learn_method": {
                        "name": "machine",
                        "url": "/api/v2/move-learn-method/4/"
                    },
                    "version_group": {
                        "name": "omega-ruby-alpha-sapphire",
                        "url": "/api/v2/version-group/16/"
                    }
                },
                {
                    "level_learned_at": 0,
                    "move_learn_method": {
                        "name": "machine",
                        "url": "/api/v2/move-learn-method/4/"
                    },
                    "version_group": {
                        "name": "sun-moon",
                        "url": "/api/v2/version-group/17/"
                    }
                },
                {
                    "level_learned_at": 0,
                    "move_learn_method": {
                        "name": "machine",
                        "url": "/api/v2/move-learn-method/4/"
                    },
                    "version_group": {
                        "name": "ultra-sun-ultra-moon",
                        "url": "/api/v2/version-group/18/"
                    }
                }
            ]
        },
        {
            "move": {
                "name": "round",
                "url": "/api/v2/move/496/"
            },
            "version_group_details": [
                {
                    "level_learned_at": 0,
                    "move_learn_method": {
                        "name": "machine",
                        "url": "/api/v2/move-learn-method/4/"
                    },
                    "version_group": {
                        "name": "x-y",
                        "url": "/api/v2/version-group/15/"
                    }
                },
                {
                    "level_learned_at": 0,
                    "move_learn_method": {
                        "name": "machine",
                        "url": "/api/v2/move-learn-method/4/"
                    },
                    "version_group": {
                        "name": "omega-ruby-alpha-sapphire",
                        "url": "/api/v2/version-group/16/"
                    }
                },
                {
                    "level_learned_at": 0,
                    "move_learn_method": {
                        "name": "machine",
                        "url": "/api/v2/move-learn-method/4/"
                    },
                    "version_group": {
                        "name": "sun-moon",
                        "url": "/api/v2/version-group/17/"
                    }
                },
                {
                    "level_learned_at": 0,
                    "move_learn_method": {
                        "name": "machine",
                        "url": "/api/v2/move-learn-method/4/"
                    },
                    "version_group": {
                        "name": "ultra-sun-ultra-moon",
                        "url": "/api/v2/version-group/18/"
                    }
                }
            ]
        },
        {
            "move": {
                "name": "scald",
                "url": "/api/v2/move/503/"
            },
            "version_group_details": [
                {
                    "level_learned_at": 0,
                    "move_learn_method": {
                        "name": "machine",
                        "url": "/api/v2/move-learn-method/4/"
                    },
                    "version_group": {
                        "name": "x-y",
                        "url": "/api/v2/version-group/15/"
                    }
                },
                {
                    "level_learned_at": 0,
                    "move_learn_method": {
                        "name": "machine",
                        "url": "/api/v2/move-learn-method/4/"
                    },
                    "version_group": {
                        "name": "omega-ruby-alpha-sapphire",
                        "url": "/api/v2/version-group/16/"
                    }
                },
                {
                    "level_learned_at": 0,
                    "move_learn_method": {
                        "name": "machine",
                        "url": "/api/v2/move-learn-method/4/"
                    },
                    "version_group": {
                        "name": "sun-moon",
                        "url": "/api/v2/version-group/17/"
                    }
                },
                {
                    "level_learned_at": 0,
                    "move_learn_method": {
                        "name": "machine",
                        "url": "/api/v2/move-learn-method/4/"
                    },
                    "version_group": {
                        "name": "ultra-sun-ultra-moon",
                        "url": "/api/v2/version-group/18/"
                    }
                }
            ]
        },
        {
            "move": {
                "name": "play-rough",
                "url": "/api/v2/move/583/"
            },
            "version_group_details": [
                {
                    "level_learned_at": 0,
                    "move_learn_method": {
                        "name": "egg",
                        "url": "/api/v2/move-learn-method/2/"
                    },
                    "version_group": {
                        "name": "x-y",
                        "url": "/api/v2/version-group/15/"
                    }
                },
                {
                    "level_learned_at": 0,
                    "move_learn_method": {
                        "name": "egg",
                        "url": "/api/v2/move-learn-method/2/"
                    },
                    "version_group": {
                        "name": "omega-ruby-alpha-sapphire",
                        "url": "/api/v2/version-group/16/"
                    }
                },
                {
                    "level_learned_at": 0,
                    "move_learn_method": {
                        "name": "egg",
                        "url": "/api/v2/move-learn-method/2/"
                    },
                    "version_group": {
                        "name": "sun-moon",
                        "url": "/api/v2/version-group/17/"
                    }
                },
                {
                    "level_learned_at": 0,
                    "move_learn_method": {
                        "name": "egg",
                        "url": "/api/v2/move-learn-method/2/"
                    },
                    "version_group": {
                        "name": "ultra-sun-ultra-moon",
                        "url": "/api/v2/version-group/18/"
                    }
                }
            ]
        },
        {
            "move": {
                "name": "confide",
                "url": "/api/v2/move/590/"
            },
            "version_group_details": [
                {
                    "level_learned_at": 0,
                    "move_learn_method": {
                        "name": "machine",
                        "url": "/api/v2/move-learn-method/4/"
                    },
                    "version_group": {
                        "name": "x-y",
                        "url": "/api/v2/version-group/15/"
                    }
                },
                {
                    "level_learned_at": 0,
                    "move_learn_method": {
                        "name": "machine",
                        "url": "/api/v2/move-learn-method/4/"
                    },
                    "version_group": {
                        "name": "omega-ruby-alpha-sapphire",
                        "url": "/api/v2/version-group/16/"
                    }
                },
                {
                    "level_learned_at": 0,
                    "move_learn_method": {
                        "name": "machine",
                        "url": "/api/v2/move-learn-method/4/"
                    },
                    "version_group": {
                        "name": "sun-moon",
                        "url": "/api/v2/version-group/17/"
                    }
                },
                {
                    "level_learned_at": 0,
                    "move_learn_method": {
                        "name": "machine",
                        "url": "/api/v2/move-learn-method/4/"
                    },
                    "version_group": {
                        "name": "ultra-sun-ultra-moon",
                        "url": "/api/v2/version-group/18/"
                    }
                }
            ]
        },
        {
            "move": {
                "name": "venom-drench",
                "url": "/api/v2/move/599/"
            },
            "version_group_details": [
                {
                    "level_learned_at": 0,
                    "move_learn_method": {
                        "name": "egg",
                        "url": "/api/v2/move-learn-method/2/"
                    },
                    "version_group": {
                        "name": "x-y",
                        "url": "/api/v2/version-group/15/"
                    }
                },
                {
                    "level_learned_at": 0,
                    "move_learn_method": {
                        "name": "egg",
                        "url": "/api/v2/move-learn-method/2/"
                    },
                    "version_group": {
                        "name": "omega-ruby-alpha-sapphire",
                        "url": "/api/v2/version-group/16/"
                    }
                },
                {
                    "level_learned_at": 0,
                    "move_learn_method": {
                        "name": "egg",
                        "url": "/api/v2/move-learn-method/2/"
                    },
                    "version_group": {
                        "name": "sun-moon",
                        "url": "/api/v2/version-group/17/"
                    }
                },
                {
                    "level_learned_at": 0,
                    "move_learn_method": {
                        "name": "egg",
                        "url": "/api/v2/move-learn-method/2/"
                    },
                    "version_group": {
                        "name": "ultra-sun-ultra-moon",
                        "url": "/api/v2/version-group/18/"
                    }
                }
            ]
        }
    ],
    "name": "skrelp",
    "order": 802,
    "species": {
        "name": "skrelp",
        "url": "/api/v2/pokemon-species/690/"
    },
    "sprites": {
        "back_default": null,
        "back_female": null,
        "back_shiny": null,
        "back_shiny_female": null,
        "front_default": "https://raw.githubusercontent.com/PokeAPI/sprites/master/sprites/pokemon/690.png",
        "front_female": null,
        "front_shiny": "https://raw.githubusercontent.com/PokeAPI/sprites/master/sprites/pokemon/shiny/690.png",
        "front_shiny_female": null
    },
    "stats": [
        {
            "base_stat": 50,
            "effort": 0,
            "stat": {
                "name": "hp",
                "url": "/api/v2/stat/1/"
            }
        },
        {
            "base_stat": 60,
            "effort": 0,
            "stat": {
                "name": "attack",
                "url": "/api/v2/stat/2/"
            }
        },
        {
            "base_stat": 60,
            "effort": 0,
            "stat": {
                "name": "defense",
                "url": "/api/v2/stat/3/"
            }
        },
        {
            "base_stat": 60,
            "effort": 0,
            "stat": {
                "name": "special-attack",
                "url": "/api/v2/stat/4/"
            }
        },
        {
            "base_stat": 60,
            "effort": 1,
            "stat": {
                "name": "special-defense",
                "url": "/api/v2/stat/5/"
            }
        },
        {
            "base_stat": 30,
            "effort": 0,
            "stat": {
                "name": "speed",
                "url": "/api/v2/stat/6/"
            }
        }
    ],
    "types": [
        {
            "slot": 1,
            "type": {
                "name": "poison",
                "url": "/api/v2/type/4/"
            }
        },
        {
            "slot": 2,
            "type": {
                "name": "water",
                "url": "/api/v2/type/11/"
            }
        }
    ],
    "weight": 73
}