{
    "abilities": [
        {
            "ability": {
                "name": "shed-skin",
                "url": "/api/v2/ability/61/"
            },
            "is_hidden": false,
            "slot": 1
        },
        {
            "ability": {
                "name": "friend-guard",
                "url": "/api/v2/ability/132/"
            },
            "is_hidden": true,
            "slot": 3
        }
    ],
    "base_experience": 75,
    "forms": [
        {
            "name": "spewpa-icy-snow",
            "url": "/api/v2/pokemon-form/665/"
        },
        {
            "name": "spewpa-polar",
            "url": "/api/v2/pokemon-form/10290/"
        },
        {
            "name": "spewpa-tundra",
            "url": "/api/v2/pokemon-form/10291/"
        },
        {
            "name": "spewpa-continental",
            "url": "/api/v2/pokemon-form/10292/"
        },
        {
            "name": "spewpa-garden",
            "url": "/api/v2/pokemon-form/10293/"
        },
        {
            "name": "spewpa-elegant",
            "url": "/api/v2/pokemon-form/10294/"
        },
        {
            "name": "spewpa-meadow",
            "url": "/api/v2/pokemon-form/10295/"
        },
        {
            "name": "spewpa-modern",
            "url": "/api/v2/pokemon-form/10296/"
        },
        {
            "name": "spewpa-marine",
            "url": "/api/v2/pokemon-form/10297/"
        },
        {
            "name": "spewpa-archipelago",
            "url": "/api/v2/pokemon-form/10298/"
        },
        {
            "name": "spewpa-high-plains",
            "url": "/api/v2/pokemon-form/10299/"
        },
        {
            "name": "spewpa-sandstorm",
            "url": "/api/v2/pokemon-form/10300/"
        },
        {
            "name": "spewpa-river",
            "url": "/api/v2/pokemon-form/10301/"
        },
        {
            "name": "spewpa-monsoon",
            "url": "/api/v2/pokemon-form/10302/"
        },
        {
            "name": "spewpa-savanna",
            "url": "/api/v2/pokemon-form/10303/"
        },
        {
            "name": "spewpa-sun",
            "url": "/api/v2/pokemon-form/10304/"
        },
        {
            "name": "spewpa-ocean",
            "url": "/api/v2/pokemon-form/10305/"
        },
        {
            "name": "spewpa-jungle",
            "url": "/api/v2/pokemon-form/10306/"
        },
        {
            "name": "spewpa-fancy",
            "url": "/api/v2/pokemon-form/10307/"
        },
        {
            "name": "spewpa-poke-ball",
            "url": "/api/v2/pokemon-form/10308/"
        }
    ],
    "game_indices": [],
    "height": 3,
    "held_items": [],
    "id": 665,
    "is_default": true,
    "location_area_encounters": "/api/v2/pokemon/665/encounters",
    "moves": [
        {
            "move": {
                "name": "harden",
                "url": "/api/v2/move/106/"
            },
            "version_group_details": [
                {
                    "level_learned_at": 1,
                    "move_learn_method": {
                        "name": "level-up",
                        "url": "/api/v2/move-learn-method/1/"
                    },
                    "version_group": {
                        "name": "x-y",
                        "url": "/api/v2/version-group/15/"
                    }
                },
                {
                    "level_learned_at": 1,
                    "move_learn_method": {
                        "name": "level-up",
                        "url": "/api/v2/move-learn-method/1/"
                    },
                    "version_group": {
                        "name": "omega-ruby-alpha-sapphire",
                        "url": "/api/v2/version-group/16/"
                    }
                },
                {
                    "level_learned_at": 1,
                    "move_learn_method": {
                        "name": "level-up",
                        "url": "/api/v2/move-learn-method/1/"
                    },
                    "version_group": {
                        "name": "sun-moon",
                        "url": "/api/v2/version-group/17/"
                    }
                },
                {
                    "level_learned_at": 1,
                    "move_learn_method": {
                        "name": "level-up",
                        "url": "/api/v2/move-learn-method/1/"
                    },
                    "version_group": {
                        "name": "ultra-sun-ultra-moon",
                        "url": "/api/v2/version-group/18/"
                    }
                }
            ]
        },
        {
            "move": {
                "name": "protect",
                "url": "/api/v2/move/182/"
            },
            "version_group_details": [
                {
                    "level_learned_at": 9,
                    "move_learn_method": {
                        "name": "level-up",
                        "url": "/api/v2/move-learn-method/1/"
                    },
                    "version_group": {
                        "name": "x-y",
                        "url": "/api/v2/version-group/15/"
                    }
                },
                {
                    "level_learned_at": 0,
                    "move_learn_method": {
                        "name": "machine",
                        "url": "/api/v2/move-learn-method/4/"
                    },
                    "version_group": {
                        "name": "x-y",
                        "url": "/api/v2/version-group/15/"
                    }
                },
                {
                    "level_learned_at": 9,
                    "move_learn_method": {
                        "name": "level-up",
                        "url": "/api/v2/move-learn-method/1/"
                    },
                    "version_group": {
                        "name": "omega-ruby-alpha-sapphire",
                        "url": "/api/v2/version-group/16/"
                    }
                },
                {
                    "level_learned_at": 0,
                    "move_learn_method": {
                        "name": "machine",
                        "url": "/api/v2/move-learn-method/4/"
                    },
                    "version_group": {
                        "name": "omega-ruby-alpha-sapphire",
                        "url": "/api/v2/version-group/16/"
                    }
                },
                {
                    "level_learned_at": 0,
                    "move_learn_method": {
                        "name": "level-up",
                        "url": "/api/v2/move-learn-method/1/"
                    },
                    "version_group": {
                        "name": "sun-moon",
                        "url": "/api/v2/version-group/17/"
                    }
                },
                {
                    "level_learned_at": 1,
                    "move_learn_method": {
                        "name": "level-up",
                        "url": "/api/v2/move-learn-method/1/"
                    },
                    "version_group": {
                        "name": "sun-moon",
                        "url": "/api/v2/version-group/17/"
                    }
                },
                {
                    "level_learned_at": 0,
                    "move_learn_method": {
                        "name": "machine",
                        "url": "/api/v2/move-learn-method/4/"
                    },
                    "version_group": {
                        "name": "sun-moon",
                        "url": "/api/v2/version-group/17/"
                    }
                },
                {
                    "level_learned_at": 0,
                    "move_learn_method": {
                        "name": "level-up",
                        "url": "/api/v2/move-learn-method/1/"
                    },
                    "version_group": {
                        "name": "ultra-sun-ultra-moon",
                        "url": "/api/v2/version-group/18/"
                    }
                },
                {
                    "level_learned_at": 1,
                    "move_learn_method": {
                        "name": "level-up",
                        "url": "/api/v2/move-learn-method/1/"
                    },
                    "version_group": {
                        "name": "ultra-sun-ultra-moon",
                        "url": "/api/v2/version-group/18/"
                    }
                },
                {
                    "level_learned_at": 0,
                    "move_learn_method": {
                        "name": "machine",
                        "url": "/api/v2/move-learn-method/4/"
                    },
                    "version_group": {
                        "name": "ultra-sun-ultra-moon",
                        "url": "/api/v2/version-group/18/"
                    }
                }
            ]
        },
        {
            "move": {
                "name": "iron-defense",
                "url": "/api/v2/move/334/"
            },
            "version_group_details": [
                {
                    "level_learned_at": 0,
                    "move_learn_method": {
                        "name": "tutor",
                        "url": "/api/v2/move-learn-method/3/"
                    },
                    "version_group": {
                        "name": "omega-ruby-alpha-sapphire",
                        "url": "/api/v2/version-group/16/"
                    }
                }
            ]
        },
        {
            "move": {
                "name": "bug-bite",
                "url": "/api/v2/move/450/"
            },
            "version_group_details": [
                {
                    "level_learned_at": 0,
                    "move_learn_method": {
                        "name": "tutor",
                        "url": "/api/v2/move-learn-method/3/"
                    },
                    "version_group": {
                        "name": "omega-ruby-alpha-sapphire",
                        "url": "/api/v2/version-group/16/"
                    }
                }
            ]
        },
        {
            "move": {
                "name": "electroweb",
                "url": "/api/v2/move/527/"
            },
            "version_group_details": [
                {
                    "level_learned_at": 0,
                    "move_learn_method": {
                        "name": "tutor",
                        "url": "/api/v2/move-learn-method/3/"
                    },
                    "version_group": {
                        "name": "omega-ruby-alpha-sapphire",
                        "url": "/api/v2/version-group/16/"
                    }
                }
            ]
        }
    ],
    "name": "spewpa",
    "order": 774,
    "species": {
        "name": "spewpa",
        "url": "/api/v2/pokemon-species/665/"
    },
    "sprites": {
        "back_default": null,
        "back_female": null,
        "back_shiny": null,
        "back_shiny_female": null,
        "front_default": "https://raw.githubusercontent.com/PokeAPI/sprites/master/sprites/pokemon/665.png",
        "front_female": null,
        "front_shiny": "https://raw.githubusercontent.com/PokeAPI/sprites/master/sprites/pokemon/shiny/665.png",
        "front_shiny_female": null
    },
    "stats": [
        {
            "base_stat": 45,
            "effort": 0,
            "stat": {
                "name": "hp",
                "url": "/api/v2/stat/1/"
            }
        },
        {
            "base_stat": 22,
            "effort": 0,
            "stat": {
                "name": "attack",
                "url": "/api/v2/stat/2/"
            }
        },
        {
            "base_stat": 60,
            "effort": 2,
            "stat": {
                "name": "defense",
                "url": "/api/v2/stat/3/"
            }
        },
        {
            "base_stat": 27,
            "effort": 0,
            "stat": {
                "name": "special-attack",
                "url": "/api/v2/stat/4/"
            }
        },
        {
            "base_stat": 30,
            "effort": 0,
            "stat": {
                "name": "special-defense",
                "url": "/api/v2/stat/5/"
            }
        },
        {
            "base_stat": 29,
            "effort": 0,
            "stat": {
                "name": "speed",
                "url": "/api/v2/stat/6/"
            }
        }
    ],
    "types": [
        {
            "slot": 1,
            "type": {
                "name": "bug",
                "url": "/api/v2/type/7/"
            }
        }
    ],
    "weight": 84
}