{
    "count": 964,
    "next": null,
    "previous": null,
    "results": [
        {
            "name": "bulbasaur",
            "url": "/api/v2/pokemon/1/"
        },
        {
            "name": "ivysaur",
            "url": "/api/v2/pokemon/2/"
        },
        {
            "name": "venusaur",
            "url": "/api/v2/pokemon/3/"
        },
        {
            "name": "charmander",
            "url": "/api/v2/pokemon/4/"
        },
        {
            "name": "charmeleon",
            "url": "/api/v2/pokemon/5/"
        },
        {
            "name": "charizard",
            "url": "/api/v2/pokemon/6/"
        },
        {
            "name": "squirtle",
            "url": "/api/v2/pokemon/7/"
        },
        {
            "name": "wartortle",
            "url": "/api/v2/pokemon/8/"
        },
        {
            "name": "blastoise",
            "url": "/api/v2/pokemon/9/"
        },
        {
            "name": "caterpie",
            "url": "/api/v2/pokemon/10/"
        },
        {
            "name": "metapod",
            "url": "/api/v2/pokemon/11/"
        },
        {
            "name": "butterfree",
            "url": "/api/v2/pokemon/12/"
        },
        {
            "name": "weedle",
            "url": "/api/v2/pokemon/13/"
        },
        {
            "name": "kakuna",
            "url": "/api/v2/pokemon/14/"
        },
        {
            "name": "beedrill",
            "url": "/api/v2/pokemon/15/"
        },
        {
            "name": "pidgey",
            "url": "/api/v2/pokemon/16/"
        },
        {
            "name": "pidgeotto",
            "url": "/api/v2/pokemon/17/"
        },
        {
            "name": "pidgeot",
            "url": "/api/v2/pokemon/18/"
        },
        {
            "name": "rattata",
            "url": "/api/v2/pokemon/19/"
        },
        {
            "name": "raticate",
            "url": "/api/v2/pokemon/20/"
        },
        {
            "name": "spearow",
            "url": "/api/v2/pokemon/21/"
        },
        {
            "name": "fearow",
            "url": "/api/v2/pokemon/22/"
        },
        {
            "name": "ekans",
            "url": "/api/v2/pokemon/23/"
        },
        {
            "name": "arbok",
            "url": "/api/v2/pokemon/24/"
        },
        {
            "name": "pikachu",
            "url": "/api/v2/pokemon/25/"
        },
        {
            "name": "raichu",
            "url": "/api/v2/pokemon/26/"
        },
        {
            "name": "sandshrew",
            "url": "/api/v2/pokemon/27/"
        },
        {
            "name": "sandslash",
            "url": "/api/v2/pokemon/28/"
        },
        {
            "name": "nidoran-f",
            "url": "/api/v2/pokemon/29/"
        },
        {
            "name": "nidorina",
            "url": "/api/v2/pokemon/30/"
        },
        {
            "name": "nidoqueen",
            "url": "/api/v2/pokemon/31/"
        },
        {
            "name": "nidoran-m",
            "url": "/api/v2/pokemon/32/"
        },
        {
            "name": "nidorino",
            "url": "/api/v2/pokemon/33/"
        },
        {
            "name": "nidoking",
            "url": "/api/v2/pokemon/34/"
        },
        {
            "name": "clefairy",
            "url": "/api/v2/pokemon/35/"
        },
        {
            "name": "clefable",
            "url": "/api/v2/pokemon/36/"
        },
        {
            "name": "vulpix",
            "url": "/api/v2/pokemon/37/"
        },
        {
            "name": "ninetales",
            "url": "/api/v2/pokemon/38/"
        },
        {
            "name": "jigglypuff",
            "url": "/api/v2/pokemon/39/"
        },
        {
            "name": "wigglytuff",
            "url": "/api/v2/pokemon/40/"
        },
        {
            "name": "zubat",
            "url": "/api/v2/pokemon/41/"
        },
        {
            "name": "golbat",
            "url": "/api/v2/pokemon/42/"
        },
        {
            "name": "oddish",
            "url": "/api/v2/pokemon/43/"
        },
        {
            "name": "gloom",
            "url": "/api/v2/pokemon/44/"
        },
        {
            "name": "vileplume",
            "url": "/api/v2/pokemon/45/"
        },
        {
            "name": "paras",
            "url": "/api/v2/pokemon/46/"
        },
        {
            "name": "parasect",
            "url": "/api/v2/pokemon/47/"
        },
        {
            "name": "venonat",
            "url": "/api/v2/pokemon/48/"
        },
        {
            "name": "venomoth",
            "url": "/api/v2/pokemon/49/"
        },
        {
            "name": "diglett",
            "url": "/api/v2/pokemon/50/"
        },
        {
            "name": "dugtrio",
            "url": "/api/v2/pokemon/51/"
        },
        {
            "name": "meowth",
            "url": "/api/v2/pokemon/52/"
        },
        {
            "name": "persian",
            "url": "/api/v2/pokemon/53/"
        },
        {
            "name": "psyduck",
            "url": "/api/v2/pokemon/54/"
        },
        {
            "name": "golduck",
            "url": "/api/v2/pokemon/55/"
        },
        {
            "name": "mankey",
            "url": "/api/v2/pokemon/56/"
        },
        {
            "name": "primeape",
            "url": "/api/v2/pokemon/57/"
        },
        {
            "name": "growlithe",
            "url": "/api/v2/pokemon/58/"
        },
        {
            "name": "arcanine",
            "url": "/api/v2/pokemon/59/"
        },
        {
            "name": "poliwag",
            "url": "/api/v2/pokemon/60/"
        },
        {
            "name": "poliwhirl",
            "url": "/api/v2/pokemon/61/"
        },
        {
            "name": "poliwrath",
            "url": "/api/v2/pokemon/62/"
        },
        {
            "name": "abra",
            "url": "/api/v2/pokemon/63/"
        },
        {
            "name": "kadabra",
            "url": "/api/v2/pokemon/64/"
        },
        {
            "name": "alakazam",
            "url": "/api/v2/pokemon/65/"
        },
        {
            "name": "machop",
            "url": "/api/v2/pokemon/66/"
        },
        {
            "name": "machoke",
            "url": "/api/v2/pokemon/67/"
        },
        {
            "name": "machamp",
            "url": "/api/v2/pokemon/68/"
        },
        {
            "name": "bellsprout",
            "url": "/api/v2/pokemon/69/"
        },
        {
            "name": "weepinbell",
            "url": "/api/v2/pokemon/70/"
        },
        {
            "name": "victreebel",
            "url": "/api/v2/pokemon/71/"
        },
        {
            "name": "tentacool",
            "url": "/api/v2/pokemon/72/"
        },
        {
            "name": "tentacruel",
            "url": "/api/v2/pokemon/73/"
        },
        {
            "name": "geodude",
            "url": "/api/v2/pokemon/74/"
        },
        {
            "name": "graveler",
            "url": "/api/v2/pokemon/75/"
        },
        {
            "name": "golem",
            "url": "/api/v2/pokemon/76/"
        },
        {
            "name": "ponyta",
            "url": "/api/v2/pokemon/77/"
        },
        {
            "name": "rapidash",
            "url": "/api/v2/pokemon/78/"
        },
        {
            "name": "slowpoke",
            "url": "/api/v2/pokemon/79/"
        },
        {
            "name": "slowbro",
            "url": "/api/v2/pokemon/80/"
        },
        {
            "name": "magnemite",
            "url": "/api/v2/pokemon/81/"
        },
        {
            "name": "magneton",
            "url": "/api/v2/pokemon/82/"
        },
        {
            "name": "farfetchd",
            "url": "/api/v2/pokemon/83/"
        },
        {
            "name": "doduo",
            "url": "/api/v2/pokemon/84/"
        },
        {
            "name": "dodrio",
            "url": "/api/v2/pokemon/85/"
        },
        {
            "name": "seel",
            "url": "/api/v2/pokemon/86/"
        },
        {
            "name": "dewgong",
            "url": "/api/v2/pokemon/87/"
        },
        {
            "name": "grimer",
            "url": "/api/v2/pokemon/88/"
        },
        {
            "name": "muk",
            "url": "/api/v2/pokemon/89/"
        },
        {
            "name": "shellder",
            "url": "/api/v2/pokemon/90/"
        },
        {
            "name": "cloyster",
            "url": "/api/v2/pokemon/91/"
        },
        {
            "name": "gastly",
            "url": "/api/v2/pokemon/92/"
        },
        {
            "name": "haunter",
            "url": "/api/v2/pokemon/93/"
        },
        {
            "name": "gengar",
            "url": "/api/v2/pokemon/94/"
        },
        {
            "name": "onix",
            "url": "/api/v2/pokemon/95/"
        },
        {
            "name": "drowzee",
            "url": "/api/v2/pokemon/96/"
        },
        {
            "name": "hypno",
            "url": "/api/v2/pokemon/97/"
        },
        {
            "name": "krabby",
            "url": "/api/v2/pokemon/98/"
        },
        {
            "name": "kingler",
            "url": "/api/v2/pokemon/99/"
        },
        {
            "name": "voltorb",
            "url": "/api/v2/pokemon/100/"
        },
        {
            "name": "electrode",
            "url": "/api/v2/pokemon/101/"
        },
        {
            "name": "exeggcute",
            "url": "/api/v2/pokemon/102/"
        },
        {
            "name": "exeggutor",
            "url": "/api/v2/pokemon/103/"
        },
        {
            "name": "cubone",
            "url": "/api/v2/pokemon/104/"
        },
        {
            "name": "marowak",
            "url": "/api/v2/pokemon/105/"
        },
        {
            "name": "hitmonlee",
            "url": "/api/v2/pokemon/106/"
        },
        {
            "name": "hitmonchan",
            "url": "/api/v2/pokemon/107/"
        },
        {
            "name": "lickitung",
            "url": "/api/v2/pokemon/108/"
        },
        {
            "name": "koffing",
            "url": "/api/v2/pokemon/109/"
        },
        {
            "name": "weezing",
            "url": "/api/v2/pokemon/110/"
        },
        {
            "name": "rhyhorn",
            "url": "/api/v2/pokemon/111/"
        },
        {
            "name": "rhydon",
            "url": "/api/v2/pokemon/112/"
        },
        {
            "name": "chansey",
            "url": "/api/v2/pokemon/113/"
        },
        {
            "name": "tangela",
            "url": "/api/v2/pokemon/114/"
        },
        {
            "name": "kangaskhan",
            "url": "/api/v2/pokemon/115/"
        },
        {
            "name": "horsea",
            "url": "/api/v2/pokemon/116/"
        },
        {
            "name": "seadra",
            "url": "/api/v2/pokemon/117/"
        },
        {
            "name": "goldeen",
            "url": "/api/v2/pokemon/118/"
        },
        {
            "name": "seaking",
            "url": "/api/v2/pokemon/119/"
        },
        {
            "name": "staryu",
            "url": "/api/v2/pokemon/120/"
        },
        {
            "name": "starmie",
            "url": "/api/v2/pokemon/121/"
        },
        {
            "name": "mr-mime",
            "url": "/api/v2/pokemon/122/"
        },
        {
            "name": "scyther",
            "url": "/api/v2/pokemon/123/"
        },
        {
            "name": "jynx",
            "url": "/api/v2/pokemon/124/"
        },
        {
            "name": "electabuzz",
            "url": "/api/v2/pokemon/125/"
        },
        {
            "name": "magmar",
            "url": "/api/v2/pokemon/126/"
        },
        {
            "name": "pinsir",
            "url": "/api/v2/pokemon/127/"
        },
        {
            "name": "tauros",
            "url": "/api/v2/pokemon/128/"
        },
        {
            "name": "magikarp",
            "url": "/api/v2/pokemon/129/"
        },
        {
            "name": "gyarados",
            "url": "/api/v2/pokemon/130/"
        },
        {
            "name": "lapras",
            "url": "/api/v2/pokemon/131/"
        },
        {
            "name": "ditto",
            "url": "/api/v2/pokemon/132/"
        },
        {
            "name": "eevee",
            "url": "/api/v2/pokemon/133/"
        },
        {
            "name": "vaporeon",
            "url": "/api/v2/pokemon/134/"
        },
        {
            "name": "jolteon",
            "url": "/api/v2/pokemon/135/"
        },
        {
            "name": "flareon",
            "url": "/api/v2/pokemon/136/"
        },
        {
            "name": "porygon",
            "url": "/api/v2/pokemon/137/"
        },
        {
            "name": "omanyte",
            "url": "/api/v2/pokemon/138/"
        },
        {
            "name": "omastar",
            "url": "/api/v2/pokemon/139/"
        },
        {
            "name": "kabuto",
            "url": "/api/v2/pokemon/140/"
        },
        {
            "name": "kabutops",
            "url": "/api/v2/pokemon/141/"
        },
        {
            "name": "aerodactyl",
            "url": "/api/v2/pokemon/142/"
        },
        {
            "name": "snorlax",
            "url": "/api/v2/pokemon/143/"
        },
        {
            "name": "articuno",
            "url": "/api/v2/pokemon/144/"
        },
        {
            "name": "zapdos",
            "url": "/api/v2/pokemon/145/"
        },
        {
            "name": "moltres",
            "url": "/api/v2/pokemon/146/"
        },
        {
            "name": "dratini",
            "url": "/api/v2/pokemon/147/"
        },
        {
            "name": "dragonair",
            "url": "/api/v2/pokemon/148/"
        },
        {
            "name": "dragonite",
            "url": "/api/v2/pokemon/149/"
        },
        {
            "name": "mewtwo",
            "url": "/api/v2/pokemon/150/"
        },
        {
            "name": "mew",
            "url": "/api/v2/pokemon/151/"
        },
        {
            "name": "chikorita",
            "url": "/api/v2/pokemon/152/"
        },
        {
            "name": "bayleef",
            "url": "/api/v2/pokemon/153/"
        },
        {
            "name": "meganium",
            "url": "/api/v2/pokemon/154/"
        },
        {
            "name": "cyndaquil",
            "url": "/api/v2/pokemon/155/"
        },
        {
            "name": "quilava",
            "url": "/api/v2/pokemon/156/"
        },
        {
            "name": "typhlosion",
            "url": "/api/v2/pokemon/157/"
        },
        {
            "name": "totodile",
            "url": "/api/v2/pokemon/158/"
        },
        {
            "name": "croconaw",
            "url": "/api/v2/pokemon/159/"
        },
        {
            "name": "feraligatr",
            "url": "/api/v2/pokemon/160/"
        },
        {
            "name": "sentret",
            "url": "/api/v2/pokemon/161/"
        },
        {
            "name": "furret",
            "url": "/api/v2/pokemon/162/"
        },
        {
            "name": "hoothoot",
            "url": "/api/v2/pokemon/163/"
        },
        {
            "name": "noctowl",
            "url": "/api/v2/pokemon/164/"
        },
        {
            "name": "ledyba",
            "url": "/api/v2/pokemon/165/"
        },
        {
            "name": "ledian",
            "url": "/api/v2/pokemon/166/"
        },
        {
            "name": "spinarak",
            "url": "/api/v2/pokemon/167/"
        },
        {
            "name": "ariados",
            "url": "/api/v2/pokemon/168/"
        },
        {
            "name": "crobat",
            "url": "/api/v2/pokemon/169/"
        },
        {
            "name": "chinchou",
            "url": "/api/v2/pokemon/170/"
        },
        {
            "name": "lanturn",
            "url": "/api/v2/pokemon/171/"
        },
        {
            "name": "pichu",
            "url": "/api/v2/pokemon/172/"
        },
        {
            "name": "cleffa",
            "url": "/api/v2/pokemon/173/"
        },
        {
            "name": "igglybuff",
            "url": "/api/v2/pokemon/174/"
        },
        {
            "name": "togepi",
            "url": "/api/v2/pokemon/175/"
        },
        {
            "name": "togetic",
            "url": "/api/v2/pokemon/176/"
        },
        {
            "name": "natu",
            "url": "/api/v2/pokemon/177/"
        },
        {
            "name": "xatu",
            "url": "/api/v2/pokemon/178/"
        },
        {
            "name": "mareep",
            "url": "/api/v2/pokemon/179/"
        },
        {
            "name": "flaaffy",
            "url": "/api/v2/pokemon/180/"
        },
        {
            "name": "ampharos",
            "url": "/api/v2/pokemon/181/"
        },
        {
            "name": "bellossom",
            "url": "/api/v2/pokemon/182/"
        },
        {
            "name": "marill",
            "url": "/api/v2/pokemon/183/"
        },
        {
            "name": "azumarill",
            "url": "/api/v2/pokemon/184/"
        },
        {
            "name": "sudowoodo",
            "url": "/api/v2/pokemon/185/"
        },
        {
            "name": "politoed",
            "url": "/api/v2/pokemon/186/"
        },
        {
            "name": "hoppip",
            "url": "/api/v2/pokemon/187/"
        },
        {
            "name": "skiploom",
            "url": "/api/v2/pokemon/188/"
        },
        {
            "name": "jumpluff",
            "url": "/api/v2/pokemon/189/"
        },
        {
            "name": "aipom",
            "url": "/api/v2/pokemon/190/"
        },
        {
            "name": "sunkern",
            "url": "/api/v2/pokemon/191/"
        },
        {
            "name": "sunflora",
            "url": "/api/v2/pokemon/192/"
        },
        {
            "name": "yanma",
            "url": "/api/v2/pokemon/193/"
        },
        {
            "name": "wooper",
            "url": "/api/v2/pokemon/194/"
        },
        {
            "name": "quagsire",
            "url": "/api/v2/pokemon/195/"
        },
        {
            "name": "espeon",
            "url": "/api/v2/pokemon/196/"
        },
        {
            "name": "umbreon",
            "url": "/api/v2/pokemon/197/"
        },
        {
            "name": "murkrow",
            "url": "/api/v2/pokemon/198/"
        },
        {
            "name": "slowking",
            "url": "/api/v2/pokemon/199/"
        },
        {
            "name": "misdreavus",
            "url": "/api/v2/pokemon/200/"
        },
        {
            "name": "unown",
            "url": "/api/v2/pokemon/201/"
        },
        {
            "name": "wobbuffet",
            "url": "/api/v2/pokemon/202/"
        },
        {
            "name": "girafarig",
            "url": "/api/v2/pokemon/203/"
        },
        {
            "name": "pineco",
            "url": "/api/v2/pokemon/204/"
        },
        {
            "name": "forretress",
            "url": "/api/v2/pokemon/205/"
        },
        {
            "name": "dunsparce",
            "url": "/api/v2/pokemon/206/"
        },
        {
            "name": "gligar",
            "url": "/api/v2/pokemon/207/"
        },
        {
            "name": "steelix",
            "url": "/api/v2/pokemon/208/"
        },
        {
            "name": "snubbull",
            "url": "/api/v2/pokemon/209/"
        },
        {
            "name": "granbull",
            "url": "/api/v2/pokemon/210/"
        },
        {
            "name": "qwilfish",
            "url": "/api/v2/pokemon/211/"
        },
        {
            "name": "scizor",
            "url": "/api/v2/pokemon/212/"
        },
        {
            "name": "shuckle",
            "url": "/api/v2/pokemon/213/"
        },
        {
            "name": "heracross",
            "url": "/api/v2/pokemon/214/"
        },
        {
            "name": "sneasel",
            "url": "/api/v2/pokemon/215/"
        },
        {
            "name": "teddiursa",
            "url": "/api/v2/pokemon/216/"
        },
        {
            "name": "ursaring",
            "url": "/api/v2/pokemon/217/"
        },
        {
            "name": "slugma",
            "url": "/api/v2/pokemon/218/"
        },
        {
            "name": "magcargo",
            "url": "/api/v2/pokemon/219/"
        },
        {
            "name": "swinub",
            "url": "/api/v2/pokemon/220/"
        },
        {
            "name": "piloswine",
            "url": "/api/v2/pokemon/221/"
        },
        {
            "name": "corsola",
            "url": "/api/v2/pokemon/222/"
        },
        {
            "name": "remoraid",
            "url": "/api/v2/pokemon/223/"
        },
        {
            "name": "octillery",
            "url": "/api/v2/pokemon/224/"
        },
        {
            "name": "delibird",
            "url": "/api/v2/pokemon/225/"
        },
        {
            "name": "mantine",
            "url": "/api/v2/pokemon/226/"
        },
        {
            "name": "skarmory",
            "url": "/api/v2/pokemon/227/"
        },
        {
            "name": "houndour",
            "url": "/api/v2/pokemon/228/"
        },
        {
            "name": "houndoom",
            "url": "/api/v2/pokemon/229/"
        },
        {
            "name": "kingdra",
            "url": "/api/v2/pokemon/230/"
        },
        {
            "name": "phanpy",
            "url": "/api/v2/pokemon/231/"
        },
        {
            "name": "donphan",
            "url": "/api/v2/pokemon/232/"
        },
        {
            "name": "porygon2",
            "url": "/api/v2/pokemon/233/"
        },
        {
            "name": "stantler",
            "url": "/api/v2/pokemon/234/"
        },
        {
            "name": "smeargle",
            "url": "/api/v2/pokemon/235/"
        },
        {
            "name": "tyrogue",
            "url": "/api/v2/pokemon/236/"
        },
        {
            "name": "hitmontop",
            "url": "/api/v2/pokemon/237/"
        },
        {
            "name": "smoochum",
            "url": "/api/v2/pokemon/238/"
        },
        {
            "name": "elekid",
            "url": "/api/v2/pokemon/239/"
        },
        {
            "name": "magby",
            "url": "/api/v2/pokemon/240/"
        },
        {
            "name": "miltank",
            "url": "/api/v2/pokemon/241/"
        },
        {
            "name": "blissey",
            "url": "/api/v2/pokemon/242/"
        },
        {
            "name": "raikou",
            "url": "/api/v2/pokemon/243/"
        },
        {
            "name": "entei",
            "url": "/api/v2/pokemon/244/"
        },
        {
            "name": "suicune",
            "url": "/api/v2/pokemon/245/"
        },
        {
            "name": "larvitar",
            "url": "/api/v2/pokemon/246/"
        },
        {
            "name": "pupitar",
            "url": "/api/v2/pokemon/247/"
        },
        {
            "name": "tyranitar",
            "url": "/api/v2/pokemon/248/"
        },
        {
            "name": "lugia",
            "url": "/api/v2/pokemon/249/"
        },
        {
            "name": "ho-oh",
            "url": "/api/v2/pokemon/250/"
        },
        {
            "name": "celebi",
            "url": "/api/v2/pokemon/251/"
        },
        {
            "name": "treecko",
            "url": "/api/v2/pokemon/252/"
        },
        {
            "name": "grovyle",
            "url": "/api/v2/pokemon/253/"
        },
        {
            "name": "sceptile",
            "url": "/api/v2/pokemon/254/"
        },
        {
            "name": "torchic",
            "url": "/api/v2/pokemon/255/"
        },
        {
            "name": "combusken",
            "url": "/api/v2/pokemon/256/"
        },
        {
            "name": "blaziken",
            "url": "/api/v2/pokemon/257/"
        },
        {
            "name": "mudkip",
            "url": "/api/v2/pokemon/258/"
        },
        {
            "name": "marshtomp",
            "url": "/api/v2/pokemon/259/"
        },
        {
            "name": "swampert",
            "url": "/api/v2/pokemon/260/"
        },
        {
            "name": "poochyena",
            "url": "/api/v2/pokemon/261/"
        },
        {
            "name": "mightyena",
            "url": "/api/v2/pokemon/262/"
        },
        {
            "name": "zigzagoon",
            "url": "/api/v2/pokemon/263/"
        },
        {
            "name": "linoone",
            "url": "/api/v2/pokemon/264/"
        },
        {
            "name": "wurmple",
            "url": "/api/v2/pokemon/265/"
        },
        {
            "name": "silcoon",
            "url": "/api/v2/pokemon/266/"
        },
        {
            "name": "beautifly",
            "url": "/api/v2/pokemon/267/"
        },
        {
            "name": "cascoon",
            "url": "/api/v2/pokemon/268/"
        },
        {
            "name": "dustox",
            "url": "/api/v2/pokemon/269/"
        },
        {
            "name": "lotad",
            "url": "/api/v2/pokemon/270/"
        },
        {
            "name": "lombre",
            "url": "/api/v2/pokemon/271/"
        },
        {
            "name": "ludicolo",
            "url": "/api/v2/pokemon/272/"
        },
        {
            "name": "seedot",
            "url": "/api/v2/pokemon/273/"
        },
        {
            "name": "nuzleaf",
            "url": "/api/v2/pokemon/274/"
        },
        {
            "name": "shiftry",
            "url": "/api/v2/pokemon/275/"
        },
        {
            "name": "taillow",
            "url": "/api/v2/pokemon/276/"
        },
        {
            "name": "swellow",
            "url": "/api/v2/pokemon/277/"
        },
        {
            "name": "wingull",
            "url": "/api/v2/pokemon/278/"
        },
        {
            "name": "pelipper",
            "url": "/api/v2/pokemon/279/"
        },
        {
            "name": "ralts",
            "url": "/api/v2/pokemon/280/"
        },
        {
            "name": "kirlia",
            "url": "/api/v2/pokemon/281/"
        },
        {
            "name": "gardevoir",
            "url": "/api/v2/pokemon/282/"
        },
        {
            "name": "surskit",
            "url": "/api/v2/pokemon/283/"
        },
        {
            "name": "masquerain",
            "url": "/api/v2/pokemon/284/"
        },
        {
            "name": "shroomish",
            "url": "/api/v2/pokemon/285/"
        },
        {
            "name": "breloom",
            "url": "/api/v2/pokemon/286/"
        },
        {
            "name": "slakoth",
            "url": "/api/v2/pokemon/287/"
        },
        {
            "name": "vigoroth",
            "url": "/api/v2/pokemon/288/"
        },
        {
            "name": "slaking",
            "url": "/api/v2/pokemon/289/"
        },
        {
            "name": "nincada",
            "url": "/api/v2/pokemon/290/"
        },
        {
            "name": "ninjask",
            "url": "/api/v2/pokemon/291/"
        },
        {
            "name": "shedinja",
            "url": "/api/v2/pokemon/292/"
        },
        {
            "name": "whismur",
            "url": "/api/v2/pokemon/293/"
        },
        {
            "name": "loudred",
            "url": "/api/v2/pokemon/294/"
        },
        {
            "name": "exploud",
            "url": "/api/v2/pokemon/295/"
        },
        {
            "name": "makuhita",
            "url": "/api/v2/pokemon/296/"
        },
        {
            "name": "hariyama",
            "url": "/api/v2/pokemon/297/"
        },
        {
            "name": "azurill",
            "url": "/api/v2/pokemon/298/"
        },
        {
            "name": "nosepass",
            "url": "/api/v2/pokemon/299/"
        },
        {
            "name": "skitty",
            "url": "/api/v2/pokemon/300/"
        },
        {
            "name": "delcatty",
            "url": "/api/v2/pokemon/301/"
        },
        {
            "name": "sableye",
            "url": "/api/v2/pokemon/302/"
        },
        {
            "name": "mawile",
            "url": "/api/v2/pokemon/303/"
        },
        {
            "name": "aron",
            "url": "/api/v2/pokemon/304/"
        },
        {
            "name": "lairon",
            "url": "/api/v2/pokemon/305/"
        },
        {
            "name": "aggron",
            "url": "/api/v2/pokemon/306/"
        },
        {
            "name": "meditite",
            "url": "/api/v2/pokemon/307/"
        },
        {
            "name": "medicham",
            "url": "/api/v2/pokemon/308/"
        },
        {
            "name": "electrike",
            "url": "/api/v2/pokemon/309/"
        },
        {
            "name": "manectric",
            "url": "/api/v2/pokemon/310/"
        },
        {
            "name": "plusle",
            "url": "/api/v2/pokemon/311/"
        },
        {
            "name": "minun",
            "url": "/api/v2/pokemon/312/"
        },
        {
            "name": "volbeat",
            "url": "/api/v2/pokemon/313/"
        },
        {
            "name": "illumise",
            "url": "/api/v2/pokemon/314/"
        },
        {
            "name": "roselia",
            "url": "/api/v2/pokemon/315/"
        },
        {
            "name": "gulpin",
            "url": "/api/v2/pokemon/316/"
        },
        {
            "name": "swalot",
            "url": "/api/v2/pokemon/317/"
        },
        {
            "name": "carvanha",
            "url": "/api/v2/pokemon/318/"
        },
        {
            "name": "sharpedo",
            "url": "/api/v2/pokemon/319/"
        },
        {
            "name": "wailmer",
            "url": "/api/v2/pokemon/320/"
        },
        {
            "name": "wailord",
            "url": "/api/v2/pokemon/321/"
        },
        {
            "name": "numel",
            "url": "/api/v2/pokemon/322/"
        },
        {
            "name": "camerupt",
            "url": "/api/v2/pokemon/323/"
        },
        {
            "name": "torkoal",
            "url": "/api/v2/pokemon/324/"
        },
        {
            "name": "spoink",
            "url": "/api/v2/pokemon/325/"
        },
        {
            "name": "grumpig",
            "url": "/api/v2/pokemon/326/"
        },
        {
            "name": "spinda",
            "url": "/api/v2/pokemon/327/"
        },
        {
            "name": "trapinch",
            "url": "/api/v2/pokemon/328/"
        },
        {
            "name": "vibrava",
            "url": "/api/v2/pokemon/329/"
        },
        {
            "name": "flygon",
            "url": "/api/v2/pokemon/330/"
        },
        {
            "name": "cacnea",
            "url": "/api/v2/pokemon/331/"
        },
        {
            "name": "cacturne",
            "url": "/api/v2/pokemon/332/"
        },
        {
            "name": "swablu",
            "url": "/api/v2/pokemon/333/"
        },
        {
            "name": "altaria",
            "url": "/api/v2/pokemon/334/"
        },
        {
            "name": "zangoose",
            "url": "/api/v2/pokemon/335/"
        },
        {
            "name": "seviper",
            "url": "/api/v2/pokemon/336/"
        },
        {
            "name": "lunatone",
            "url": "/api/v2/pokemon/337/"
        },
        {
            "name": "solrock",
            "url": "/api/v2/pokemon/338/"
        },
        {
            "name": "barboach",
            "url": "/api/v2/pokemon/339/"
        },
        {
            "name": "whiscash",
            "url": "/api/v2/pokemon/340/"
        },
        {
            "name": "corphish",
            "url": "/api/v2/pokemon/341/"
        },
        {
            "name": "crawdaunt",
            "url": "/api/v2/pokemon/342/"
        },
        {
            "name": "baltoy",
            "url": "/api/v2/pokemon/343/"
        },
        {
            "name": "claydol",
            "url": "/api/v2/pokemon/344/"
        },
        {
            "name": "lileep",
            "url": "/api/v2/pokemon/345/"
        },
        {
            "name": "cradily",
            "url": "/api/v2/pokemon/346/"
        },
        {
            "name": "anorith",
            "url": "/api/v2/pokemon/347/"
        },
        {
            "name": "armaldo",
            "url": "/api/v2/pokemon/348/"
        },
        {
            "name": "feebas",
            "url": "/api/v2/pokemon/349/"
        },
        {
            "name": "milotic",
            "url": "/api/v2/pokemon/350/"
        },
        {
            "name": "castform",
            "url": "/api/v2/pokemon/351/"
        },
        {
            "name": "kecleon",
            "url": "/api/v2/pokemon/352/"
        },
        {
            "name": "shuppet",
            "url": "/api/v2/pokemon/353/"
        },
        {
            "name": "banette",
            "url": "/api/v2/pokemon/354/"
        },
        {
            "name": "duskull",
            "url": "/api/v2/pokemon/355/"
        },
        {
            "name": "dusclops",
            "url": "/api/v2/pokemon/356/"
        },
        {
            "name": "tropius",
            "url": "/api/v2/pokemon/357/"
        },
        {
            "name": "chimecho",
            "url": "/api/v2/pokemon/358/"
        },
        {
            "name": "absol",
            "url": "/api/v2/pokemon/359/"
        },
        {
            "name": "wynaut",
            "url": "/api/v2/pokemon/360/"
        },
        {
            "name": "snorunt",
            "url": "/api/v2/pokemon/361/"
        },
        {
            "name": "glalie",
            "url": "/api/v2/pokemon/362/"
        },
        {
            "name": "spheal",
            "url": "/api/v2/pokemon/363/"
        },
        {
            "name": "sealeo",
            "url": "/api/v2/pokemon/364/"
        },
        {
            "name": "walrein",
            "url": "/api/v2/pokemon/365/"
        },
        {
            "name": "clamperl",
            "url": "/api/v2/pokemon/366/"
        },
        {
            "name": "huntail",
            "url": "/api/v2/pokemon/367/"
        },
        {
            "name": "gorebyss",
            "url": "/api/v2/pokemon/368/"
        },
        {
            "name": "relicanth",
            "url": "/api/v2/pokemon/369/"
        },
        {
            "name": "luvdisc",
            "url": "/api/v2/pokemon/370/"
        },
        {
            "name": "bagon",
            "url": "/api/v2/pokemon/371/"
        },
        {
            "name": "shelgon",
            "url": "/api/v2/pokemon/372/"
        },
        {
            "name": "salamence",
            "url": "/api/v2/pokemon/373/"
        },
        {
            "name": "beldum",
            "url": "/api/v2/pokemon/374/"
        },
        {
            "name": "metang",
            "url": "/api/v2/pokemon/375/"
        },
        {
            "name": "metagross",
            "url": "/api/v2/pokemon/376/"
        },
        {
            "name": "regirock",
            "url": "/api/v2/pokemon/377/"
        },
        {
            "name": "regice",
            "url": "/api/v2/pokemon/378/"
        },
        {
            "name": "registeel",
            "url": "/api/v2/pokemon/379/"
        },
        {
            "name": "latias",
            "url": "/api/v2/pokemon/380/"
        },
        {
            "name": "latios",
            "url": "/api/v2/pokemon/381/"
        },
        {
            "name": "kyogre",
            "url": "/api/v2/pokemon/382/"
        },
        {
            "name": "groudon",
            "url": "/api/v2/pokemon/383/"
        },
        {
            "name": "rayquaza",
            "url": "/api/v2/pokemon/384/"
        },
        {
            "name": "jirachi",
            "url": "/api/v2/pokemon/385/"
        },
        {
            "name": "deoxys-normal",
            "url": "/api/v2/pokemon/386/"
        },
        {
            "name": "turtwig",
            "url": "/api/v2/pokemon/387/"
        },
        {
            "name": "grotle",
            "url": "/api/v2/pokemon/388/"
        },
        {
            "name": "torterra",
            "url": "/api/v2/pokemon/389/"
        },
        {
            "name": "chimchar",
            "url": "/api/v2/pokemon/390/"
        },
        {
            "name": "monferno",
            "url": "/api/v2/pokemon/391/"
        },
        {
            "name": "infernape",
            "url": "/api/v2/pokemon/392/"
        },
        {
            "name": "piplup",
            "url": "/api/v2/pokemon/393/"
        },
        {
            "name": "prinplup",
            "url": "/api/v2/pokemon/394/"
        },
        {
            "name": "empoleon",
            "url": "/api/v2/pokemon/395/"
        },
        {
            "name": "starly",
            "url": "/api/v2/pokemon/396/"
        },
        {
            "name": "staravia",
            "url": "/api/v2/pokemon/397/"
        },
        {
            "name": "staraptor",
            "url": "/api/v2/pokemon/398/"
        },
        {
            "name": "bidoof",
            "url": "/api/v2/pokemon/399/"
        },
        {
            "name": "bibarel",
            "url": "/api/v2/pokemon/400/"
        },
        {
            "name": "kricketot",
            "url": "/api/v2/pokemon/401/"
        },
        {
            "name": "kricketune",
            "url": "/api/v2/pokemon/402/"
        },
        {
            "name": "shinx",
            "url": "/api/v2/pokemon/403/"
        },
        {
            "name": "luxio",
            "url": "/api/v2/pokemon/404/"
        },
        {
            "name": "luxray",
            "url": "/api/v2/pokemon/405/"
        },
        {
            "name": "budew",
            "url": "/api/v2/pokemon/406/"
        },
        {
            "name": "roserade",
            "url": "/api/v2/pokemon/407/"
        },
        {
            "name": "cranidos",
            "url": "/api/v2/pokemon/408/"
        },
        {
            "name": "rampardos",
            "url": "/api/v2/pokemon/409/"
        },
        {
            "name": "shieldon",
            "url": "/api/v2/pokemon/410/"
        },
        {
            "name": "bastiodon",
            "url": "/api/v2/pokemon/411/"
        },
        {
            "name": "burmy",
            "url": "/api/v2/pokemon/412/"
        },
        {
            "name": "wormadam-plant",
            "url": "/api/v2/pokemon/413/"
        },
        {
            "name": "mothim",
            "url": "/api/v2/pokemon/414/"
        },
        {
            "name": "combee",
            "url": "/api/v2/pokemon/415/"
        },
        {
            "name": "vespiquen",
            "url": "/api/v2/pokemon/416/"
        },
        {
            "name": "pachirisu",
            "url": "/api/v2/pokemon/417/"
        },
        {
            "name": "buizel",
            "url": "/api/v2/pokemon/418/"
        },
        {
            "name": "floatzel",
            "url": "/api/v2/pokemon/419/"
        },
        {
            "name": "cherubi",
            "url": "/api/v2/pokemon/420/"
        },
        {
            "name": "cherrim",
            "url": "/api/v2/pokemon/421/"
        },
        {
            "name": "shellos",
            "url": "/api/v2/pokemon/422/"
        },
        {
            "name": "gastrodon",
            "url": "/api/v2/pokemon/423/"
        },
        {
            "name": "ambipom",
            "url": "/api/v2/pokemon/424/"
        },
        {
            "name": "drifloon",
            "url": "/api/v2/pokemon/425/"
        },
        {
            "name": "drifblim",
            "url": "/api/v2/pokemon/426/"
        },
        {
            "name": "buneary",
            "url": "/api/v2/pokemon/427/"
        },
        {
            "name": "lopunny",
            "url": "/api/v2/pokemon/428/"
        },
        {
            "name": "mismagius",
            "url": "/api/v2/pokemon/429/"
        },
        {
            "name": "honchkrow",
            "url": "/api/v2/pokemon/430/"
        },
        {
            "name": "glameow",
            "url": "/api/v2/pokemon/431/"
        },
        {
            "name": "purugly",
            "url": "/api/v2/pokemon/432/"
        },
        {
            "name": "chingling",
            "url": "/api/v2/pokemon/433/"
        },
        {
            "name": "stunky",
            "url": "/api/v2/pokemon/434/"
        },
        {
            "name": "skuntank",
            "url": "/api/v2/pokemon/435/"
        },
        {
            "name": "bronzor",
            "url": "/api/v2/pokemon/436/"
        },
        {
            "name": "bronzong",
            "url": "/api/v2/pokemon/437/"
        },
        {
            "name": "bonsly",
            "url": "/api/v2/pokemon/438/"
        },
        {
            "name": "mime-jr",
            "url": "/api/v2/pokemon/439/"
        },
        {
            "name": "happiny",
            "url": "/api/v2/pokemon/440/"
        },
        {
            "name": "chatot",
            "url": "/api/v2/pokemon/441/"
        },
        {
            "name": "spiritomb",
            "url": "/api/v2/pokemon/442/"
        },
        {
            "name": "gible",
            "url": "/api/v2/pokemon/443/"
        },
        {
            "name": "gabite",
            "url": "/api/v2/pokemon/444/"
        },
        {
            "name": "garchomp",
            "url": "/api/v2/pokemon/445/"
        },
        {
            "name": "munchlax",
            "url": "/api/v2/pokemon/446/"
        },
        {
            "name": "riolu",
            "url": "/api/v2/pokemon/447/"
        },
        {
            "name": "lucario",
            "url": "/api/v2/pokemon/448/"
        },
        {
            "name": "hippopotas",
            "url": "/api/v2/pokemon/449/"
        },
        {
            "name": "hippowdon",
            "url": "/api/v2/pokemon/450/"
        },
        {
            "name": "skorupi",
            "url": "/api/v2/pokemon/451/"
        },
        {
            "name": "drapion",
            "url": "/api/v2/pokemon/452/"
        },
        {
            "name": "croagunk",
            "url": "/api/v2/pokemon/453/"
        },
        {
            "name": "toxicroak",
            "url": "/api/v2/pokemon/454/"
        },
        {
            "name": "carnivine",
            "url": "/api/v2/pokemon/455/"
        },
        {
            "name": "finneon",
            "url": "/api/v2/pokemon/456/"
        },
        {
            "name": "lumineon",
            "url": "/api/v2/pokemon/457/"
        },
        {
            "name": "mantyke",
            "url": "/api/v2/pokemon/458/"
        },
        {
            "name": "snover",
            "url": "/api/v2/pokemon/459/"
        },
        {
            "name": "abomasnow",
            "url": "/api/v2/pokemon/460/"
        },
        {
            "name": "weavile",
            "url": "/api/v2/pokemon/461/"
        },
        {
            "name": "magnezone",
            "url": "/api/v2/pokemon/462/"
        },
        {
            "name": "lickilicky",
            "url": "/api/v2/pokemon/463/"
        },
        {
            "name": "rhyperior",
            "url": "/api/v2/pokemon/464/"
        },
        {
            "name": "tangrowth",
            "url": "/api/v2/pokemon/465/"
        },
        {
            "name": "electivire",
            "url": "/api/v2/pokemon/466/"
        },
        {
            "name": "magmortar",
            "url": "/api/v2/pokemon/467/"
        },
        {
            "name": "togekiss",
            "url": "/api/v2/pokemon/468/"
        },
        {
            "name": "yanmega",
            "url": "/api/v2/pokemon/469/"
        },
        {
            "name": "leafeon",
            "url": "/api/v2/pokemon/470/"
        },
        {
            "name": "glaceon",
            "url": "/api/v2/pokemon/471/"
        },
        {
            "name": "gliscor",
            "url": "/api/v2/pokemon/472/"
        },
        {
            "name": "mamoswine",
            "url": "/api/v2/pokemon/473/"
        },
        {
            "name": "porygon-z",
            "url": "/api/v2/pokemon/474/"
        },
        {
            "name": "gallade",
            "url": "/api/v2/pokemon/475/"
        },
        {
            "name": "probopass",
            "url": "/api/v2/pokemon/476/"
        },
        {
            "name": "dusknoir",
            "url": "/api/v2/pokemon/477/"
        },
        {
            "name": "froslass",
            "url": "/api/v2/pokemon/478/"
        },
        {
            "name": "rotom",
            "url": "/api/v2/pokemon/479/"
        },
        {
            "name": "uxie",
            "url": "/api/v2/pokemon/480/"
        },
        {
            "name": "mesprit",
            "url": "/api/v2/pokemon/481/"
        },
        {
            "name": "azelf",
            "url": "/api/v2/pokemon/482/"
        },
        {
            "name": "dialga",
            "url": "/api/v2/pokemon/483/"
        },
        {
            "name": "palkia",
            "url": "/api/v2/pokemon/484/"
        },
        {
            "name": "heatran",
            "url": "/api/v2/pokemon/485/"
        },
        {
            "name": "regigigas",
            "url": "/api/v2/pokemon/486/"
        },
        {
            "name": "giratina-altered",
            "url": "/api/v2/pokemon/487/"
        },
        {
            "name": "cresselia",
            "url": "/api/v2/pokemon/488/"
        },
        {
            "name": "phione",
            "url": "/api/v2/pokemon/489/"
        },
        {
            "name": "manaphy",
            "url": "/api/v2/pokemon/490/"
        },
        {
            "name": "darkrai",
            "url": "/api/v2/pokemon/491/"
        },
        {
            "name": "shaymin-land",
            "url": "/api/v2/pokemon/492/"
        },
        {
            "name": "arceus",
            "url": "/api/v2/pokemon/493/"
        },
        {
            "name": "victini",
            "url": "/api/v2/pokemon/494/"
        },
        {
            "name": "snivy",
            "url": "/api/v2/pokemon/495/"
        },
        {
            "name": "servine",
            "url": "/api/v2/pokemon/496/"
        },
        {
            "name": "serperior",
            "url": "/api/v2/pokemon/497/"
        },
        {
            "name": "tepig",
            "url": "/api/v2/pokemon/498/"
        },
        {
            "name": "pignite",
            "url": "/api/v2/pokemon/499/"
        },
        {
            "name": "emboar",
            "url": "/api/v2/pokemon/500/"
        },
        {
            "name": "oshawott",
            "url": "/api/v2/pokemon/501/"
        },
        {
            "name": "dewott",
            "url": "/api/v2/pokemon/502/"
        },
        {
            "name": "samurott",
            "url": "/api/v2/pokemon/503/"
        },
        {
            "name": "patrat",
            "url": "/api/v2/pokemon/504/"
        },
        {
            "name": "watchog",
            "url": "/api/v2/pokemon/505/"
        },
        {
            "name": "lillipup",
            "url": "/api/v2/pokemon/506/"
        },
        {
            "name": "herdier",
            "url": "/api/v2/pokemon/507/"
        },
        {
            "name": "stoutland",
            "url": "/api/v2/pokemon/508/"
        },
        {
            "name": "purrloin",
            "url": "/api/v2/pokemon/509/"
        },
        {
            "name": "liepard",
            "url": "/api/v2/pokemon/510/"
        },
        {
            "name": "pansage",
            "url": "/api/v2/pokemon/511/"
        },
        {
            "name": "simisage",
            "url": "/api/v2/pokemon/512/"
        },
        {
            "name": "pansear",
            "url": "/api/v2/pokemon/513/"
        },
        {
            "name": "simisear",
            "url": "/api/v2/pokemon/514/"
        },
        {
            "name": "panpour",
            "url": "/api/v2/pokemon/515/"
        },
        {
            "name": "simipour",
            "url": "/api/v2/pokemon/516/"
        },
        {
            "name": "munna",
            "url": "/api/v2/pokemon/517/"
        },
        {
            "name": "musharna",
            "url": "/api/v2/pokemon/518/"
        },
        {
            "name": "pidove",
            "url": "/api/v2/pokemon/519/"
        },
        {
            "name": "tranquill",
            "url": "/api/v2/pokemon/520/"
        },
        {
            "name": "unfezant",
            "url": "/api/v2/pokemon/521/"
        },
        {
            "name": "blitzle",
            "url": "/api/v2/pokemon/522/"
        },
        {
            "name": "zebstrika",
            "url": "/api/v2/pokemon/523/"
        },
        {
            "name": "roggenrola",
            "url": "/api/v2/pokemon/524/"
        },
        {
            "name": "boldore",
            "url": "/api/v2/pokemon/525/"
        },
        {
            "name": "gigalith",
            "url": "/api/v2/pokemon/526/"
        },
        {
            "name": "woobat",
            "url": "/api/v2/pokemon/527/"
        },
        {
            "name": "swoobat",
            "url": "/api/v2/pokemon/528/"
        },
        {
            "name": "drilbur",
            "url": "/api/v2/pokemon/529/"
        },
        {
            "name": "excadrill",
            "url": "/api/v2/pokemon/530/"
        },
        {
            "name": "audino",
            "url": "/api/v2/pokemon/531/"
        },
        {
            "name": "timburr",
            "url": "/api/v2/pokemon/532/"
        },
        {
            "name": "gurdurr",
            "url": "/api/v2/pokemon/533/"
        },
        {
            "name": "conkeldurr",
            "url": "/api/v2/pokemon/534/"
        },
        {
            "name": "tympole",
            "url": "/api/v2/pokemon/535/"
        },
        {
            "name": "palpitoad",
            "url": "/api/v2/pokemon/536/"
        },
        {
            "name": "seismitoad",
            "url": "/api/v2/pokemon/537/"
        },
        {
            "name": "throh",
            "url": "/api/v2/pokemon/538/"
        },
        {
            "name": "sawk",
            "url": "/api/v2/pokemon/539/"
        },
        {
            "name": "sewaddle",
            "url": "/api/v2/pokemon/540/"
        },
        {
            "name": "swadloon",
            "url": "/api/v2/pokemon/541/"
        },
        {
            "name": "leavanny",
            "url": "/api/v2/pokemon/542/"
        },
        {
            "name": "venipede",
            "url": "/api/v2/pokemon/543/"
        },
        {
            "name": "whirlipede",
            "url": "/api/v2/pokemon/544/"
        },
        {
            "name": "scolipede",
            "url": "/api/v2/pokemon/545/"
        },
        {
            "name": "cottonee",
            "url": "/api/v2/pokemon/546/"
        },
        {
            "name": "whimsicott",
            "url": "/api/v2/pokemon/547/"
        },
        {
            "name": "petilil",
            "url": "/api/v2/pokemon/548/"
        },
        {
            "name": "lilligant",
            "url": "/api/v2/pokemon/549/"
        },
        {
            "name": "basculin-red-striped",
            "url": "/api/v2/pokemon/550/"
        },
        {
            "name": "sandile",
            "url": "/api/v2/pokemon/551/"
        },
        {
            "name": "krokorok",
            "url": "/api/v2/pokemon/552/"
        },
        {
            "name": "krookodile",
            "url": "/api/v2/pokemon/553/"
        },
        {
            "name": "darumaka",
            "url": "/api/v2/pokemon/554/"
        },
        {
            "name": "darmanitan-standard",
            "url": "/api/v2/pokemon/555/"
        },
        {
            "name": "maractus",
            "url": "/api/v2/pokemon/556/"
        },
        {
            "name": "dwebble",
            "url": "/api/v2/pokemon/557/"
        },
        {
            "name": "crustle",
            "url": "/api/v2/pokemon/558/"
        },
        {
            "name": "scraggy",
            "url": "/api/v2/pokemon/559/"
        },
        {
            "name": "scrafty",
            "url": "/api/v2/pokemon/560/"
        },
        {
            "name": "sigilyph",
            "url": "/api/v2/pokemon/561/"
        },
        {
            "name": "yamask",
            "url": "/api/v2/pokemon/562/"
        },
        {
            "name": "cofagrigus",
            "url": "/api/v2/pokemon/563/"
        },
        {
            "name": "tirtouga",
            "url": "/api/v2/pokemon/564/"
        },
        {
            "name": "carracosta",
            "url": "/api/v2/pokemon/565/"
        },
        {
            "name": "archen",
            "url": "/api/v2/pokemon/566/"
        },
        {
            "name": "archeops",
            "url": "/api/v2/pokemon/567/"
        },
        {
            "name": "trubbish",
            "url": "/api/v2/pokemon/568/"
        },
        {
            "name": "garbodor",
            "url": "/api/v2/pokemon/569/"
        },
        {
            "name": "zorua",
            "url": "/api/v2/pokemon/570/"
        },
        {
            "name": "zoroark",
            "url": "/api/v2/pokemon/571/"
        },
        {
            "name": "minccino",
            "url": "/api/v2/pokemon/572/"
        },
        {
            "name": "cinccino",
            "url": "/api/v2/pokemon/573/"
        },
        {
            "name": "gothita",
            "url": "/api/v2/pokemon/574/"
        },
        {
            "name": "gothorita",
            "url": "/api/v2/pokemon/575/"
        },
        {
            "name": "gothitelle",
            "url": "/api/v2/pokemon/576/"
        },
        {
            "name": "solosis",
            "url": "/api/v2/pokemon/577/"
        },
        {
            "name": "duosion",
            "url": "/api/v2/pokemon/578/"
        },
        {
            "name": "reuniclus",
            "url": "/api/v2/pokemon/579/"
        },
        {
            "name": "ducklett",
            "url": "/api/v2/pokemon/580/"
        },
        {
            "name": "swanna",
            "url": "/api/v2/pokemon/581/"
        },
        {
            "name": "vanillite",
            "url": "/api/v2/pokemon/582/"
        },
        {
            "name": "vanillish",
            "url": "/api/v2/pokemon/583/"
        },
        {
            "name": "vanilluxe",
            "url": "/api/v2/pokemon/584/"
        },
        {
            "name": "deerling",
            "url": "/api/v2/pokemon/585/"
        },
        {
            "name": "sawsbuck",
            "url": "/api/v2/pokemon/586/"
        },
        {
            "name": "emolga",
            "url": "/api/v2/pokemon/587/"
        },
        {
            "name": "karrablast",
            "url": "/api/v2/pokemon/588/"
        },
        {
            "name": "escavalier",
            "url": "/api/v2/pokemon/589/"
        },
        {
            "name": "foongus",
            "url": "/api/v2/pokemon/590/"
        },
        {
            "name": "amoonguss",
            "url": "/api/v2/pokemon/591/"
        },
        {
            "name": "frillish",
            "url": "/api/v2/pokemon/592/"
        },
        {
            "name": "jellicent",
            "url": "/api/v2/pokemon/593/"
        },
        {
            "name": "alomomola",
            "url": "/api/v2/pokemon/594/"
        },
        {
            "name": "joltik",
            "url": "/api/v2/pokemon/595/"
        },
        {
            "name": "galvantula",
            "url": "/api/v2/pokemon/596/"
        },
        {
            "name": "ferroseed",
            "url": "/api/v2/pokemon/597/"
        },
        {
            "name": "ferrothorn",
            "url": "/api/v2/pokemon/598/"
        },
        {
            "name": "klink",
            "url": "/api/v2/pokemon/599/"
        },
        {
            "name": "klang",
            "url": "/api/v2/pokemon/600/"
        },
        {
            "name": "klinklang",
            "url": "/api/v2/pokemon/601/"
        },
        {
            "name": "tynamo",
            "url": "/api/v2/pokemon/602/"
        },
        {
            "name": "eelektrik",
            "url": "/api/v2/pokemon/603/"
        },
        {
            "name": "eelektross",
            "url": "/api/v2/pokemon/604/"
        },
        {
            "name": "elgyem",
            "url": "/api/v2/pokemon/605/"
        },
        {
            "name": "beheeyem",
            "url": "/api/v2/pokemon/606/"
        },
        {
            "name": "litwick",
            "url": "/api/v2/pokemon/607/"
        },
        {
            "name": "lampent",
            "url": "/api/v2/pokemon/608/"
        },
        {
            "name": "chandelure",
            "url": "/api/v2/pokemon/609/"
        },
        {
            "name": "axew",
            "url": "/api/v2/pokemon/610/"
        },
        {
            "name": "fraxure",
            "url": "/api/v2/pokemon/611/"
        },
        {
            "name": "haxorus",
            "url": "/api/v2/pokemon/612/"
        },
        {
            "name": "cubchoo",
            "url": "/api/v2/pokemon/613/"
        },
        {
            "name": "beartic",
            "url": "/api/v2/pokemon/614/"
        },
        {
            "name": "cryogonal",
            "url": "/api/v2/pokemon/615/"
        },
        {
            "name": "shelmet",
            "url": "/api/v2/pokemon/616/"
        },
        {
            "name": "accelgor",
            "url": "/api/v2/pokemon/617/"
        },
        {
            "name": "stunfisk",
            "url": "/api/v2/pokemon/618/"
        },
        {
            "name": "mienfoo",
            "url": "/api/v2/pokemon/619/"
        },
        {
            "name": "mienshao",
            "url": "/api/v2/pokemon/620/"
        },
        {
            "name": "druddigon",
            "url": "/api/v2/pokemon/621/"
        },
        {
            "name": "golett",
            "url": "/api/v2/pokemon/622/"
        },
        {
            "name": "golurk",
            "url": "/api/v2/pokemon/623/"
        },
        {
            "name": "pawniard",
            "url": "/api/v2/pokemon/624/"
        },
        {
            "name": "bisharp",
            "url": "/api/v2/pokemon/625/"
        },
        {
            "name": "bouffalant",
            "url": "/api/v2/pokemon/626/"
        },
        {
            "name": "rufflet",
            "url": "/api/v2/pokemon/627/"
        },
        {
            "name": "braviary",
            "url": "/api/v2/pokemon/628/"
        },
        {
            "name": "vullaby",
            "url": "/api/v2/pokemon/629/"
        },
        {
            "name": "mandibuzz",
            "url": "/api/v2/pokemon/630/"
        },
        {
            "name": "heatmor",
            "url": "/api/v2/pokemon/631/"
        },
        {
            "name": "durant",
            "url": "/api/v2/pokemon/632/"
        },
        {
            "name": "deino",
            "url": "/api/v2/pokemon/633/"
        },
        {
            "name": "zweilous",
            "url": "/api/v2/pokemon/634/"
        },
        {
            "name": "hydreigon",
            "url": "/api/v2/pokemon/635/"
        },
        {
            "name": "larvesta",
            "url": "/api/v2/pokemon/636/"
        },
        {
            "name": "volcarona",
            "url": "/api/v2/pokemon/637/"
        },
        {
            "name": "cobalion",
            "url": "/api/v2/pokemon/638/"
        },
        {
            "name": "terrakion",
            "url": "/api/v2/pokemon/639/"
        },
        {
            "name": "virizion",
            "url": "/api/v2/pokemon/640/"
        },
        {
            "name": "tornadus-incarnate",
            "url": "/api/v2/pokemon/641/"
        },
        {
            "name": "thundurus-incarnate",
            "url": "/api/v2/pokemon/642/"
        },
        {
            "name": "reshiram",
            "url": "/api/v2/pokemon/643/"
        },
        {
            "name": "zekrom",
            "url": "/api/v2/pokemon/644/"
        },
        {
            "name": "landorus-incarnate",
            "url": "/api/v2/pokemon/645/"
        },
        {
            "name": "kyurem",
            "url": "/api/v2/pokemon/646/"
        },
        {
            "name": "keldeo-ordinary",
            "url": "/api/v2/pokemon/647/"
        },
        {
            "name": "meloetta-aria",
            "url": "/api/v2/pokemon/648/"
        },
        {
            "name": "genesect",
            "url": "/api/v2/pokemon/649/"
        },
        {
            "name": "chespin",
            "url": "/api/v2/pokemon/650/"
        },
        {
            "name": "quilladin",
            "url": "/api/v2/pokemon/651/"
        },
        {
            "name": "chesnaught",
            "url": "/api/v2/pokemon/652/"
        },
        {
            "name": "fennekin",
            "url": "/api/v2/pokemon/653/"
        },
        {
            "name": "braixen",
            "url": "/api/v2/pokemon/654/"
        },
        {
            "name": "delphox",
            "url": "/api/v2/pokemon/655/"
        },
        {
            "name": "froakie",
            "url": "/api/v2/pokemon/656/"
        },
        {
            "name": "frogadier",
            "url": "/api/v2/pokemon/657/"
        },
        {
            "name": "greninja",
            "url": "/api/v2/pokemon/658/"
        },
        {
            "name": "bunnelby",
            "url": "/api/v2/pokemon/659/"
        },
        {
            "name": "diggersby",
            "url": "/api/v2/pokemon/660/"
        },
        {
            "name": "fletchling",
            "url": "/api/v2/pokemon/661/"
        },
        {
            "name": "fletchinder",
            "url": "/api/v2/pokemon/662/"
        },
        {
            "name": "talonflame",
            "url": "/api/v2/pokemon/663/"
        },
        {
            "name": "scatterbug",
            "url": "/api/v2/pokemon/664/"
        },
        {
            "name": "spewpa",
            "url": "/api/v2/pokemon/665/"
        },
        {
            "name": "vivillon",
            "url": "/api/v2/pokemon/666/"
        },
        {
            "name": "litleo",
            "url": "/api/v2/pokemon/667/"
        },
        {
            "name": "pyroar",
            "url": "/api/v2/pokemon/668/"
        },
        {
            "name": "flabebe",
            "url": "/api/v2/pokemon/669/"
        },
        {
            "name": "floette",
            "url": "/api/v2/pokemon/670/"
        },
        {
            "name": "florges",
            "url": "/api/v2/pokemon/671/"
        },
        {
            "name": "skiddo",
            "url": "/api/v2/pokemon/672/"
        },
        {
            "name": "gogoat",
            "url": "/api/v2/pokemon/673/"
        },
        {
            "name": "pancham",
            "url": "/api/v2/pokemon/674/"
        },
        {
            "name": "pangoro",
            "url": "/api/v2/pokemon/675/"
        },
        {
            "name": "furfrou",
            "url": "/api/v2/pokemon/676/"
        },
        {
            "name": "espurr",
            "url": "/api/v2/pokemon/677/"
        },
        {
            "name": "meowstic-male",
            "url": "/api/v2/pokemon/678/"
        },
        {
            "name": "honedge",
            "url": "/api/v2/pokemon/679/"
        },
        {
            "name": "doublade",
            "url": "/api/v2/pokemon/680/"
        },
        {
            "name": "aegislash-shield",
            "url": "/api/v2/pokemon/681/"
        },
        {
            "name": "spritzee",
            "url": "/api/v2/pokemon/682/"
        },
        {
            "name": "aromatisse",
            "url": "/api/v2/pokemon/683/"
        },
        {
            "name": "swirlix",
            "url": "/api/v2/pokemon/684/"
        },
        {
            "name": "slurpuff",
            "url": "/api/v2/pokemon/685/"
        },
        {
            "name": "inkay",
            "url": "/api/v2/pokemon/686/"
        },
        {
            "name": "malamar",
            "url": "/api/v2/pokemon/687/"
        },
        {
            "name": "binacle",
            "url": "/api/v2/pokemon/688/"
        },
        {
            "name": "barbaracle",
            "url": "/api/v2/pokemon/689/"
        },
        {
            "name": "skrelp",
            "url": "/api/v2/pokemon/690/"
        },
        {
            "name": "dragalge",
            "url": "/api/v2/pokemon/691/"
        },
        {
            "name": "clauncher",
            "url": "/api/v2/pokemon/692/"
        },
        {
            "name": "clawitzer",
            "url": "/api/v2/pokemon/693/"
        },
        {
            "name": "helioptile",
            "url": "/api/v2/pokemon/694/"
        },
        {
            "name": "heliolisk",
            "url": "/api/v2/pokemon/695/"
        },
        {
            "name": "tyrunt",
            "url": "/api/v2/pokemon/696/"
        },
        {
            "name": "tyrantrum",
            "url": "/api/v2/pokemon/697/"
        },
        {
            "name": "amaura",
            "url": "/api/v2/pokemon/698/"
        },
        {
            "name": "aurorus",
            "url": "/api/v2/pokemon/699/"
        },
        {
            "name": "sylveon",
            "url": "/api/v2/pokemon/700/"
        },
        {
            "name": "hawlucha",
            "url": "/api/v2/pokemon/701/"
        },
        {
            "name": "dedenne",
            "url": "/api/v2/pokemon/702/"
        },
        {
            "name": "carbink",
            "url": "/api/v2/pokemon/703/"
        },
        {
            "name": "goomy",
            "url": "/api/v2/pokemon/704/"
        },
        {
            "name": "sliggoo",
            "url": "/api/v2/pokemon/705/"
        },
        {
            "name": "goodra",
            "url": "/api/v2/pokemon/706/"
        },
        {
            "name": "klefki",
            "url": "/api/v2/pokemon/707/"
        },
        {
            "name": "phantump",
            "url": "/api/v2/pokemon/708/"
        },
        {
            "name": "trevenant",
            "url": "/api/v2/pokemon/709/"
        },
        {
            "name": "pumpkaboo-average",
            "url": "/api/v2/pokemon/710/"
        },
        {
            "name": "gourgeist-average",
            "url": "/api/v2/pokemon/711/"
        },
        {
            "name": "bergmite",
            "url": "/api/v2/pokemon/712/"
        },
        {
            "name": "avalugg",
            "url": "/api/v2/pokemon/713/"
        },
        {
            "name": "noibat",
            "url": "/api/v2/pokemon/714/"
        },
        {
            "name": "noivern",
            "url": "/api/v2/pokemon/715/"
        },
        {
            "name": "xerneas",
            "url": "/api/v2/pokemon/716/"
        },
        {
            "name": "yveltal",
            "url": "/api/v2/pokemon/717/"
        },
        {
            "name": "zygarde",
            "url": "/api/v2/pokemon/718/"
        },
        {
            "name": "diancie",
            "url": "/api/v2/pokemon/719/"
        },
        {
            "name": "hoopa",
            "url": "/api/v2/pokemon/720/"
        },
        {
            "name": "volcanion",
            "url": "/api/v2/pokemon/721/"
        },
        {
            "name": "rowlet",
            "url": "/api/v2/pokemon/722/"
        },
        {
            "name": "dartrix",
            "url": "/api/v2/pokemon/723/"
        },
        {
            "name": "decidueye",
            "url": "/api/v2/pokemon/724/"
        },
        {
            "name": "litten",
            "url": "/api/v2/pokemon/725/"
        },
        {
            "name": "torracat",
            "url": "/api/v2/pokemon/726/"
        },
        {
            "name": "incineroar",
            "url": "/api/v2/pokemon/727/"
        },
        {
            "name": "popplio",
            "url": "/api/v2/pokemon/728/"
        },
        {
            "name": "brionne",
            "url": "/api/v2/pokemon/729/"
        },
        {
            "name": "primarina",
            "url": "/api/v2/pokemon/730/"
        },
        {
            "name": "pikipek",
            "url": "/api/v2/pokemon/731/"
        },
        {
            "name": "trumbeak",
            "url": "/api/v2/pokemon/732/"
        },
        {
            "name": "toucannon",
            "url": "/api/v2/pokemon/733/"
        },
        {
            "name": "yungoos",
            "url": "/api/v2/pokemon/734/"
        },
        {
            "name": "gumshoos",
            "url": "/api/v2/pokemon/735/"
        },
        {
            "name": "grubbin",
            "url": "/api/v2/pokemon/736/"
        },
        {
            "name": "charjabug",
            "url": "/api/v2/pokemon/737/"
        },
        {
            "name": "vikavolt",
            "url": "/api/v2/pokemon/738/"
        },
        {
            "name": "crabrawler",
            "url": "/api/v2/pokemon/739/"
        },
        {
            "name": "crabominable",
            "url": "/api/v2/pokemon/740/"
        },
        {
            "name": "oricorio-baile",
            "url": "/api/v2/pokemon/741/"
        },
        {
            "name": "cutiefly",
            "url": "/api/v2/pokemon/742/"
        },
        {
            "name": "ribombee",
            "url": "/api/v2/pokemon/743/"
        },
        {
            "name": "rockruff",
            "url": "/api/v2/pokemon/744/"
        },
        {
            "name": "lycanroc-midday",
            "url": "/api/v2/pokemon/745/"
        },
        {
            "name": "wishiwashi-solo",
            "url": "/api/v2/pokemon/746/"
        },
        {
            "name": "mareanie",
            "url": "/api/v2/pokemon/747/"
        },
        {
            "name": "toxapex",
            "url": "/api/v2/pokemon/748/"
        },
        {
            "name": "mudbray",
            "url": "/api/v2/pokemon/749/"
        },
        {
            "name": "mudsdale",
            "url": "/api/v2/pokemon/750/"
        },
        {
            "name": "dewpider",
            "url": "/api/v2/pokemon/751/"
        },
        {
            "name": "araquanid",
            "url": "/api/v2/pokemon/752/"
        },
        {
            "name": "fomantis",
            "url": "/api/v2/pokemon/753/"
        },
        {
            "name": "lurantis",
            "url": "/api/v2/pokemon/754/"
        },
        {
            "name": "morelull",
            "url": "/api/v2/pokemon/755/"
        },
        {
            "name": "shiinotic",
            "url": "/api/v2/pokemon/756/"
        },
        {
            "name": "salandit",
            "url": "/api/v2/pokemon/757/"
        },
        {
            "name": "salazzle",
            "url": "/api/v2/pokemon/758/"
        },
        {
            "name": "stufful",
            "url": "/api/v2/pokemon/759/"
        },
        {
            "name": "bewear",
            "url": "/api/v2/pokemon/760/"
        },
        {
            "name": "bounsweet",
            "url": "/api/v2/pokemon/761/"
        },
        {
            "name": "steenee",
            "url": "/api/v2/pokemon/762/"
        },
        {
            "name": "tsareena",
            "url": "/api/v2/pokemon/763/"
        },
        {
            "name": "comfey",
            "url": "/api/v2/pokemon/764/"
        },
        {
            "name": "oranguru",
            "url": "/api/v2/pokemon/765/"
        },
        {
            "name": "passimian",
            "url": "/api/v2/pokemon/766/"
        },
        {
            "name": "wimpod",
            "url": "/api/v2/pokemon/767/"
        },
        {
            "name": "golisopod",
            "url": "/api/v2/pokemon/768/"
        },
        {
            "name": "sandygast",
            "url": "/api/v2/pokemon/769/"
        },
        {
            "name": "palossand",
            "url": "/api/v2/pokemon/770/"
        },
        {
            "name": "pyukumuku",
            "url": "/api/v2/pokemon/771/"
        },
        {
            "name": "type-null",
            "url": "/api/v2/pokemon/772/"
        },
        {
            "name": "silvally",
            "url": "/api/v2/pokemon/773/"
        },
        {
            "name": "minior-red-meteor",
            "url": "/api/v2/pokemon/774/"
        },
        {
            "name": "komala",
            "url": "/api/v2/pokemon/775/"
        },
        {
            "name": "turtonator",
            "url": "/api/v2/pokemon/776/"
        },
        {
            "name": "togedemaru",
            "url": "/api/v2/pokemon/777/"
        },
        {
            "name": "mimikyu-disguised",
            "url": "/api/v2/pokemon/778/"
        },
        {
            "name": "bruxish",
            "url": "/api/v2/pokemon/779/"
        },
        {
            "name": "drampa",
            "url": "/api/v2/pokemon/780/"
        },
        {
            "name": "dhelmise",
            "url": "/api/v2/pokemon/781/"
        },
        {
            "name": "jangmo-o",
            "url": "/api/v2/pokemon/782/"
        },
        {
            "name": "hakamo-o",
            "url": "/api/v2/pokemon/783/"
        },
        {
            "name": "kommo-o",
            "url": "/api/v2/pokemon/784/"
        },
        {
            "name": "tapu-koko",
            "url": "/api/v2/pokemon/785/"
        },
        {
            "name": "tapu-lele",
            "url": "/api/v2/pokemon/786/"
        },
        {
            "name": "tapu-bulu",
            "url": "/api/v2/pokemon/787/"
        },
        {
            "name": "tapu-fini",
            "url": "/api/v2/pokemon/788/"
        },
        {
            "name": "cosmog",
            "url": "/api/v2/pokemon/789/"
        },
        {
            "name": "cosmoem",
            "url": "/api/v2/pokemon/790/"
        },
        {
            "name": "solgaleo",
            "url": "/api/v2/pokemon/791/"
        },
        {
            "name": "lunala",
            "url": "/api/v2/pokemon/792/"
        },
        {
            "name": "nihilego",
            "url": "/api/v2/pokemon/793/"
        },
        {
            "name": "buzzwole",
            "url": "/api/v2/pokemon/794/"
        },
        {
            "name": "pheromosa",
            "url": "/api/v2/pokemon/795/"
        },
        {
            "name": "xurkitree",
            "url": "/api/v2/pokemon/796/"
        },
        {
            "name": "celesteela",
            "url": "/api/v2/pokemon/797/"
        },
        {
            "name": "kartana",
            "url": "/api/v2/pokemon/798/"
        },
        {
            "name": "guzzlord",
            "url": "/api/v2/pokemon/799/"
        },
        {
            "name": "necrozma",
            "url": "/api/v2/pokemon/800/"
        },
        {
            "name": "magearna",
            "url": "/api/v2/pokemon/801/"
        },
        {
            "name": "marshadow",
            "url": "/api/v2/pokemon/802/"
        },
        {
            "name": "poipole",
            "url": "/api/v2/pokemon/803/"
        },
        {
            "name": "naganadel",
            "url": "/api/v2/pokemon/804/"
        },
        {
            "name": "stakataka",
            "url": "/api/v2/pokemon/805/"
        },
        {
            "name": "blacephalon",
            "url": "/api/v2/pokemon/806/"
        },
        {
            "name": "zeraora",
            "url": "/api/v2/pokemon/807/"
        },
        {
            "name": "deoxys-attack",
            "url": "/api/v2/pokemon/10001/"
        },
        {
            "name": "deoxys-defense",
            "url": "/api/v2/pokemon/10002/"
        },
        {
            "name": "deoxys-speed",
            "url": "/api/v2/pokemon/10003/"
        },
        {
            "name": "wormadam-sandy",
            "url": "/api/v2/pokemon/10004/"
        },
        {
            "name": "wormadam-trash",
            "url": "/api/v2/pokemon/10005/"
        },
        {
            "name": "shaymin-sky",
            "url": "/api/v2/pokemon/10006/"
        },
        {
            "name": "giratina-origin",
            "url": "/api/v2/pokemon/10007/"
        },
        {
            "name": "rotom-heat",
            "url": "/api/v2/pokemon/10008/"
        },
        {
            "name": "rotom-wash",
            "url": "/api/v2/pokemon/10009/"
        },
        {
            "name": "rotom-frost",
            "url": "/api/v2/pokemon/10010/"
        },
        {
            "name": "rotom-fan",
            "url": "/api/v2/pokemon/10011/"
        },
        {
            "name": "rotom-mow",
            "url": "/api/v2/pokemon/10012/"
        },
        {
            "name": "castform-sunny",
            "url": "/api/v2/pokemon/10013/"
        },
        {
            "name": "castform-rainy",
            "url": "/api/v2/pokemon/10014/"
        },
        {
            "name": "castform-snowy",
            "url": "/api/v2/pokemon/10015/"
        },
        {
            "name": "basculin-blue-striped",
            "url": "/api/v2/pokemon/10016/"
        },
        {
            "name": "darmanitan-zen",
            "url": "/api/v2/pokemon/10017/"
        },
        {
            "name": "meloetta-pirouette",
            "url": "/api/v2/pokemon/10018/"
        },
        {
            "name": "tornadus-therian",
            "url": "/api/v2/pokemon/10019/"
        },
        {
            "name": "thundurus-therian",
            "url": "/api/v2/pokemon/10020/"
        },
        {
            "name": "landorus-therian",
            "url": "/api/v2/pokemon/10021/"
        },
        {
            "name": "kyurem-black",
            "url": "/api/v2/pokemon/10022/"
        },
        {
            "name": "kyurem-white",
            "url": "/api/v2/pokemon/10023/"
        },
        {
            "name": "keldeo-resolute",
            "url": "/api/v2/pokemon/10024/"
        },
        {
            "name": "meowstic-female",
            "url": "/api/v2/pokemon/10025/"
        },
        {
            "name": "aegislash-blade",
            "url": "/api/v2/pokemon/10026/"
        },
        {
            "name": "pumpkaboo-small",
            "url": "/api/v2/pokemon/10027/"
        },
        {
            "name": "pumpkaboo-large",
            "url": "/api/v2/pokemon/10028/"
        },
        {
            "name": "pumpkaboo-super",
            "url": "/api/v2/pokemon/10029/"
        },
        {
            "name": "gourgeist-small",
            "url": "/api/v2/pokemon/10030/"
        },
        {
            "name": "gourgeist-large",
            "url": "/api/v2/pokemon/10031/"
        },
        {
            "name": "gourgeist-super",
            "url": "/api/v2/pokemon/10032/"
        },
        {
            "name": "venusaur-mega",
            "url": "/api/v2/pokemon/10033/"
        },
        {
            "name": "charizard-mega-x",
            "url": "/api/v2/pokemon/10034/"
        },
        {
            "name": "charizard-mega-y",
            "url": "/api/v2/pokemon/10035/"
        },
        {
            "name": "blastoise-mega",
            "url": "/api/v2/pokemon/10036/"
        },
        {
            "name": "alakazam-mega",
            "url": "/api/v2/pokemon/10037/"
        },
        {
            "name": "gengar-mega",
            "url": "/api/v2/pokemon/10038/"
        },
        {
            "name": "kangaskhan-mega",
            "url": "/api/v2/pokemon/10039/"
        },
        {
            "name": "pinsir-mega",
            "url": "/api/v2/pokemon/10040/"
        },
        {
            "name": "gyarados-mega",
            "url": "/api/v2/pokemon/10041/"
        },
        {
            "name": "aerodactyl-mega",
            "url": "/api/v2/pokemon/10042/"
        },
        {
            "name": "mewtwo-mega-x",
            "url": "/api/v2/pokemon/10043/"
        },
        {
            "name": "mewtwo-mega-y",
            "url": "/api/v2/pokemon/10044/"
        },
        {
            "name": "ampharos-mega",
            "url": "/api/v2/pokemon/10045/"
        },
        {
            "name": "scizor-mega",
            "url": "/api/v2/pokemon/10046/"
        },
        {
            "name": "heracross-mega",
            "url": "/api/v2/pokemon/10047/"
        },
        {
            "name": "houndoom-mega",
            "url": "/api/v2/pokemon/10048/"
        },
        {
            "name": "tyranitar-mega",
            "url": "/api/v2/pokemon/10049/"
        },
        {
            "name": "blaziken-mega",
            "url": "/api/v2/pokemon/10050/"
        },
        {
            "name": "gardevoir-mega",
            "url": "/api/v2/pokemon/10051/"
        },
        {
            "name": "mawile-mega",
            "url": "/api/v2/pokemon/10052/"
        },
        {
            "name": "aggron-mega",
            "url": "/api/v2/pokemon/10053/"
        },
        {
            "name": "medicham-mega",
            "url": "/api/v2/pokemon/10054/"
        },
        {
            "name": "manectric-mega",
            "url": "/api/v2/pokemon/10055/"
        },
        {
            "name": "banette-mega",
            "url": "/api/v2/pokemon/10056/"
        },
        {
            "name": "absol-mega",
            "url": "/api/v2/pokemon/10057/"
        },
        {
            "name": "garchomp-mega",
            "url": "/api/v2/pokemon/10058/"
        },
        {
            "name": "lucario-mega",
            "url": "/api/v2/pokemon/10059/"
        },
        {
            "name": "abomasnow-mega",
            "url": "/api/v2/pokemon/10060/"
        },
        {
            "name": "floette-eternal",
            "url": "/api/v2/pokemon/10061/"
        },
        {
            "name": "latias-mega",
            "url": "/api/v2/pokemon/10062/"
        },
        {
            "name": "latios-mega",
            "url": "/api/v2/pokemon/10063/"
        },
        {
            "name": "swampert-mega",
            "url": "/api/v2/pokemon/10064/"
        },
        {
            "name": "sceptile-mega",
            "url": "/api/v2/pokemon/10065/"
        },
        {
            "name": "sableye-mega",
            "url": "/api/v2/pokemon/10066/"
        },
        {
            "name": "altaria-mega",
            "url": "/api/v2/pokemon/10067/"
        },
        {
            "name": "gallade-mega",
            "url": "/api/v2/pokemon/10068/"
        },
        {
            "name": "audino-mega",
            "url": "/api/v2/pokemon/10069/"
        },
        {
            "name": "sharpedo-mega",
            "url": "/api/v2/pokemon/10070/"
        },
        {
            "name": "slowbro-mega",
            "url": "/api/v2/pokemon/10071/"
        },
        {
            "name": "steelix-mega",
            "url": "/api/v2/pokemon/10072/"
        },
        {
            "name": "pidgeot-mega",
            "url": "/api/v2/pokemon/10073/"
        },
        {
            "name": "glalie-mega",
            "url": "/api/v2/pokemon/10074/"
        },
        {
            "name": "diancie-mega",
            "url": "/api/v2/pokemon/10075/"
        },
        {
            "name": "metagross-mega",
            "url": "/api/v2/pokemon/10076/"
        },
        {
            "name": "kyogre-primal",
            "url": "/api/v2/pokemon/10077/"
        },
        {
            "name": "groudon-primal",
            "url": "/api/v2/pokemon/10078/"
        },
        {
            "name": "rayquaza-mega",
            "url": "/api/v2/pokemon/10079/"
        },
        {
            "name": "pikachu-rock-star",
            "url": "/api/v2/pokemon/10080/"
        },
        {
            "name": "pikachu-belle",
            "url": "/api/v2/pokemon/10081/"
        },
        {
            "name": "pikachu-pop-star",
            "url": "/api/v2/pokemon/10082/"
        },
        {
            "name": "pikachu-phd",
            "url": "/api/v2/pokemon/10083/"
        },
        {
            "name": "pikachu-libre",
            "url": "/api/v2/pokemon/10084/"
        },
        {
            "name": "pikachu-cosplay",
            "url": "/api/v2/pokemon/10085/"
        },
        {
            "name": "hoopa-unbound",
            "url": "/api/v2/pokemon/10086/"
        },
        {
            "name": "camerupt-mega",
            "url": "/api/v2/pokemon/10087/"
        },
        {
            "name": "lopunny-mega",
            "url": "/api/v2/pokemon/10088/"
        },
        {
            "name": "salamence-mega",
            "url": "/api/v2/pokemon/10089/"
        },
        {
            "name": "beedrill-mega",
            "url": "/api/v2/pokemon/10090/"
        },
        {
            "name": "rattata-alola",
            "url": "/api/v2/pokemon/10091/"
        },
        {
            "name": "raticate-alola",
            "url": "/api/v2/pokemon/10092/"
        },
        {
            "name": "raticate-totem-alola",
            "url": "/api/v2/pokemon/10093/"
        },
        {
            "name": "pikachu-original-cap",
            "url": "/api/v2/pokemon/10094/"
        },
        {
            "name": "pikachu-hoenn-cap",
            "url": "/api/v2/pokemon/10095/"
        },
        {
            "name": "pikachu-sinnoh-cap",
            "url": "/api/v2/pokemon/10096/"
        },
        {
            "name": "pikachu-unova-cap",
            "url": "/api/v2/pokemon/10097/"
        },
        {
            "name": "pikachu-kalos-cap",
            "url": "/api/v2/pokemon/10098/"
        },
        {
            "name": "pikachu-alola-cap",
            "url": "/api/v2/pokemon/10099/"
        },
        {
            "name": "raichu-alola",
            "url": "/api/v2/pokemon/10100/"
        },
        {
            "name": "sandshrew-alola",
            "url": "/api/v2/pokemon/10101/"
        },
        {
            "name": "sandslash-alola",
            "url": "/api/v2/pokemon/10102/"
        },
        {
            "name": "vulpix-alola",
            "url": "/api/v2/pokemon/10103/"
        },
        {
            "name": "ninetales-alola",
            "url": "/api/v2/pokemon/10104/"
        },
        {
            "name": "diglett-alola",
            "url": "/api/v2/pokemon/10105/"
        },
        {
            "name": "dugtrio-alola",
            "url": "/api/v2/pokemon/10106/"
        },
        {
            "name": "meowth-alola",
            "url": "/api/v2/pokemon/10107/"
        },
        {
            "name": "persian-alola",
            "url": "/api/v2/pokemon/10108/"
        },
        {
            "name": "geodude-alola",
            "url": "/api/v2/pokemon/10109/"
        },
        {
            "name": "graveler-alola",
            "url": "/api/v2/pokemon/10110/"
        },
        {
            "name": "golem-alola",
            "url": "/api/v2/pokemon/10111/"
        },
        {
            "name": "grimer-alola",
            "url": "/api/v2/pokemon/10112/"
        },
        {
            "name": "muk-alola",
            "url": "/api/v2/pokemon/10113/"
        },
        {
            "name": "exeggutor-alola",
            "url": "/api/v2/pokemon/10114/"
        },
        {
            "name": "marowak-alola",
            "url": "/api/v2/pokemon/10115/"
        },
        {
            "name": "greninja-battle-bond",
            "url": "/api/v2/pokemon/10116/"
        },
        {
            "name": "greninja-ash",
            "url": "/api/v2/pokemon/10117/"
        },
        {
            "name": "zygarde-10",
            "url": "/api/v2/pokemon/10118/"
        },
        {
            "name": "zygarde-50",
            "url": "/api/v2/pokemon/10119/"
        },
        {
            "name": "zygarde-complete",
            "url": "/api/v2/pokemon/10120/"
        },
        {
            "name": "gumshoos-totem",
            "url": "/api/v2/pokemon/10121/"
        },
        {
            "name": "vikavolt-totem",
            "url": "/api/v2/pokemon/10122/"
        },
        {
            "name": "oricorio-pom-pom",
            "url": "/api/v2/pokemon/10123/"
        },
        {
            "name": "oricorio-pau",
            "url": "/api/v2/pokemon/10124/"
        },
        {
            "name": "oricorio-sensu",
            "url": "/api/v2/pokemon/10125/"
        },
        {
            "name": "lycanroc-midnight",
            "url": "/api/v2/pokemon/10126/"
        },
        {
            "name": "wishiwashi-school",
            "url": "/api/v2/pokemon/10127/"
        },
        {
            "name": "lurantis-totem",
            "url": "/api/v2/pokemon/10128/"
        },
        {
            "name": "salazzle-totem",
            "url": "/api/v2/pokemon/10129/"
        },
        {
            "name": "minior-orange-meteor",
            "url": "/api/v2/pokemon/10130/"
        },
        {
            "name": "minior-yellow-meteor",
            "url": "/api/v2/pokemon/10131/"
        },
        {
            "name": "minior-green-meteor",
            "url": "/api/v2/pokemon/10132/"
        },
        {
            "name": "minior-blue-meteor",
            "url": "/api/v2/pokemon/10133/"
        },
        {
            "name": "minior-indigo-meteor",
            "url": "/api/v2/pokemon/10134/"
        },
        {
            "name": "minior-violet-meteor",
            "url": "/api/v2/pokemon/10135/"
        },
        {
            "name": "minior-red",
            "url": "/api/v2/pokemon/10136/"
        },
        {
            "name": "minior-orange",
            "url": "/api/v2/pokemon/10137/"
        },
        {
            "name": "minior-yellow",
            "url": "/api/v2/pokemon/10138/"
        },
        {
            "name": "minior-green",
            "url": "/api/v2/pokemon/10139/"
        },
        {
            "name": "minior-blue",
            "url": "/api/v2/pokemon/10140/"
        },
        {
            "name": "minior-indigo",
            "url": "/api/v2/pokemon/10141/"
        },
        {
            "name": "minior-violet",
            "url": "/api/v2/pokemon/10142/"
        },
        {
            "name": "mimikyu-busted",
            "url": "/api/v2/pokemon/10143/"
        },
        {
            "name": "mimikyu-totem-disguised",
            "url": "/api/v2/pokemon/10144/"
        },
        {
            "name": "mimikyu-totem-busted",
            "url": "/api/v2/pokemon/10145/"
        },
        {
            "name": "kommo-o-totem",
            "url": "/api/v2/pokemon/10146/"
        },
        {
            "name": "magearna-original",
            "url": "/api/v2/pokemon/10147/"
        },
        {
            "name": "pikachu-partner-cap",
            "url": "/api/v2/pokemon/10148/"
        },
        {
            "name": "marowak-totem",
            "url": "/api/v2/pokemon/10149/"
        },
        {
            "name": "ribombee-totem",
            "url": "/api/v2/pokemon/10150/"
        },
        {
            "name": "rockruff-own-tempo",
            "url": "/api/v2/pokemon/10151/"
        },
        {
            "name": "lycanroc-dusk",
            "url": "/api/v2/pokemon/10152/"
        },
        {
            "name": "araquanid-totem",
            "url": "/api/v2/pokemon/10153/"
        },
        {
            "name": "togedemaru-totem",
            "url": "/api/v2/pokemon/10154/"
        },
        {
            "name": "necrozma-dusk",
            "url": "/api/v2/pokemon/10155/"
        },
        {
            "name": "necrozma-dawn",
            "url": "/api/v2/pokemon/10156/"
        },
        {
            "name": "necrozma-ultra",
            "url": "/api/v2/pokemon/10157/"
        }
    ]
}