{
    "abilities": [
        {
            "ability": {
                "name": "own-tempo",
                "url": "/api/v2/ability/20/"
            },
            "is_hidden": false,
            "slot": 1
        },
        {
            "ability": {
                "name": "technician",
                "url": "/api/v2/ability/101/"
            },
            "is_hidden": false,
            "slot": 2
        },
        {
            "ability": {
                "name": "moody",
                "url": "/api/v2/ability/141/"
            },
            "is_hidden": true,
            "slot": 3
        }
    ],
    "base_experience": 88,
    "forms": [
        {
            "name": "smeargle",
            "url": "/api/v2/pokemon-form/235/"
        }
    ],
    "game_indices": [
        {
            "game_index": 235,
            "version": {
                "name": "gold",
                "url": "/api/v2/version/4/"
            }
        },
        {
            "game_index": 235,
            "version": {
                "name": "silver",
                "url": "/api/v2/version/5/"
            }
        },
        {
            "game_index": 235,
            "version": {
                "name": "crystal",
                "url": "/api/v2/version/6/"
            }
        },
        {
            "game_index": 235,
            "version": {
                "name": "ruby",
                "url": "/api/v2/version/7/"
            }
        },
        {
            "game_index": 235,
            "version": {
                "name": "sapphire",
                "url": "/api/v2/version/8/"
            }
        },
        {
            "game_index": 235,
            "version": {
                "name": "emerald",
                "url": "/api/v2/version/9/"
            }
        },
        {
            "game_index": 235,
            "version": {
                "name": "firered",
                "url": "/api/v2/version/10/"
            }
        },
        {
            "game_index": 235,
            "version": {
                "name": "leafgreen",
                "url": "/api/v2/version/11/"
            }
        },
        {
            "game_index": 235,
            "version": {
                "name": "diamond",
                "url": "/api/v2/version/12/"
            }
        },
        {
            "game_index": 235,
            "version": {
                "name": "pearl",
                "url": "/api/v2/version/13/"
            }
        },
        {
            "game_index": 235,
            "version": {
                "name": "platinum",
                "url": "/api/v2/version/14/"
            }
        },
        {
            "game_index": 235,
            "version": {
                "name": "heartgold",
                "url": "/api/v2/version/15/"
            }
        },
        {
            "game_index": 235,
            "version": {
                "name": "soulsilver",
                "url": "/api/v2/version/16/"
            }
        },
        {
            "game_index": 235,
            "version": {
                "name": "black",
                "url": "/api/v2/version/17/"
            }
        },
        {
            "game_index": 235,
            "version": {
                "name": "white",
                "url": "/api/v2/version/18/"
            }
        },
        {
            "game_index": 235,
            "version": {
                "name": "black-2",
                "url": "/api/v2/version/21/"
            }
        },
        {
            "game_index": 235,
            "version": {
                "name": "white-2",
                "url": "/api/v2/version/22/"
            }
        }
    ],
    "height": 12,
    "held_items": [],
    "id": 235,
    "is_default": true,
    "location_area_encounters": "/api/v2/pokemon/235/encounters",
    "moves": [
        {
            "move": {
                "name": "sketch",
                "url": "/api/v2/move/166/"
            },
            "version_group_details": [
                {
                    "level_learned_at": 1,
                    "move_learn_method": {
                        "name": "level-up",
                        "url": "/api/v2/move-learn-method/1/"
                    },
                    "version_group": {
                        "name": "gold-silver",
                        "url": "/api/v2/version-group/3/"
                    }
                },
                {
                    "level_learned_at": 11,
                    "move_learn_method": {
                        "name": "level-up",
                        "url": "/api/v2/move-learn-method/1/"
                    },
                    "version_group": {
                        "name": "gold-silver",
                        "url": "/api/v2/version-group/3/"
                    }
                },
                {
                    "level_learned_at": 21,
                    "move_learn_method": {
                        "name": "level-up",
                        "url": "/api/v2/move-learn-method/1/"
                    },
                    "version_group": {
                        "name": "gold-silver",
                        "url": "/api/v2/version-group/3/"
                    }
                },
                {
                    "level_learned_at": 31,
                    "move_learn_method": {
                        "name": "level-up",
                        "url": "/api/v2/move-learn-method/1/"
                    },
                    "version_group": {
                        "name": "gold-silver",
                        "url": "/api/v2/version-group/3/"
                    }
                },
                {
                    "level_learned_at": 41,
                    "move_learn_method": {
                        "name": "level-up",
                        "url": "/api/v2/move-learn-method/1/"
                    },
                    "version_group": {
                        "name": "gold-silver",
                        "url": "/api/v2/version-group/3/"
                    }
                },
                {
                    "level_learned_at": 51,
                    "move_learn_method": {
                        "name": "level-up",
                        "url": "/api/v2/move-learn-method/1/"
                    },
                    "version_group": {
                        "name": "gold-silver",
                        "url": "/api/v2/version-group/3/"
                    }
                },
                {
                    "level_learned_at": 61,
                    "move_learn_method": {
                        "name": "level-up",
                        "url": "/api/v2/move-learn-method/1/"
                    },
                    "version_group": {
                        "name": "gold-silver",
                        "url": "/api/v2/version-group/3/"
                    }
                },
                {
                    "level_learned_at": 71,
                    "move_learn_method": {
                        "name": "level-up",
                        "url": "/api/v2/move-learn-method/1/"
                    },
                    "version_group": {
                        "name": "gold-silver",
                        "url": "/api/v2/version-group/3/"
                    }
                },
                {
                    "level_learned_at": 81,
                    "move_learn_method": {
                        "name": "level-up",
                        "url": "/api/v2/move-learn-method/1/"
                    },
                    "version_group": {
                        "name": "gold-silver",
                        "url": "/api/v2/version-group/3/"
                    }
                },
                {
                    "level_learned_at": 91,
                    "move_learn_method": {
                        "name": "level-up",
                        "url": "/api/v2/move-learn-method/1/"
                    },
                    "version_group": {
                        "name": "gold-silver",
                        "url": "/api/v2/version-group/3/"
                    }
                },
                {
                    "level_learned_at": 1,
                    "move_learn_method": {
                        "name": "level-up",
                        "url": "/api/v2/move-learn-method/1/"
                    },
                    "version_group": {
                        "name": "crystal",
                        "url": "/api/v2/version-group/4/"
                    }
                },
                {
                    "level_learned_at": 11,
                    "move_learn_method": {
                        "name": "level-up",
                        "url": "/api/v2/move-learn-method/1/"
                    },
                    "version_group": {
                        "name": "crystal",
                        "url": "/api/v2/version-group/4/"
                    }
                },
                {
                    "level_learned_at": 21,
                    "move_learn_method": {
                        "name": "level-up",
                        "url": "/api/v2/move-learn-method/1/"
                    },
                    "version_group": {
                        "name": "crystal",
                        "url": "/api/v2/version-group/4/"
                    }
                },
                {
                    "level_learned_at": 31,
                    "move_learn_method": {
                        "name": "level-up",
                        "url": "/api/v2/move-learn-method/1/"
                    },
                    "version_group": {
                        "name": "crystal",
                        "url": "/api/v2/version-group/4/"
                    }
                },
                {
                    "level_learned_at": 41,
                    "move_learn_method": {
                        "name": "level-up",
                        "url": "/api/v2/move-learn-method/1/"
                    },
                    "version_group": {
                        "name": "crystal",
                        "url": "/api/v2/version-group/4/"
                    }
                },
                {
                    "level_learned_at": 51,
                    "move_learn_method": {
                        "name": "level-up",
                        "url": "/api/v2/move-learn-method/1/"
                    },
                    "version_group": {
                        "name": "crystal",
                        "url": "/api/v2/version-group/4/"
                    }
                },
                {
                    "level_learned_at": 61,
                    "move_learn_method": {
                        "name": "level-up",
                        "url": "/api/v2/move-learn-method/1/"
                    },
                    "version_group": {
                        "name": "crystal",
                        "url": "/api/v2/version-group/4/"
                    }
                },
                {
                    "level_learned_at": 71,
                    "move_learn_method": {
                        "name": "level-up",
                        "url": "/api/v2/move-learn-method/1/"
                    },
                    "version_group": {
                        "name": "crystal",
                        "url": "/api/v2/version-group/4/"
                    }
                },
                {
                    "level_learned_at": 81,
                    "move_learn_method": {
                        "name": "level-up",
                        "url": "/api/v2/move-learn-method/1/"
                    },
                    "version_group": {
                        "name": "crystal",
                        "url": "/api/v2/version-group/4/"
                    }
                },
                {
                    "level_learned_at": 91,
                    "move_learn_method": {
                        "name": "level-up",
                        "url": "/api/v2/move-learn-method/1/"
                    },
                    "version_group": {
                        "name": "crystal",
                        "url": "/api/v2/version-group/4/"
                    }
                },
                {
                    "level_learned_at": 1,
                    "move_learn_method": {
                        "name": "level-up",
                        "url": "/api/v2/move-learn-method/1/"
                    },
                    "version_group": {
                        "name": "ruby-sapphire",
                        "url": "/api/v2/version-group/5/"
                    }
                },
                {
                    "level_learned_at": 11,
                    "move_learn_method": {
                        "name": "level-up",
                        "url": "/api/v2/move-learn-method/1/"
                    },
                    "version_group": {
                        "name": "ruby-sapphire",
                        "url": "/api/v2/version-group/5/"
                    }
                },
                {
                    "level_learned_at": 21,
                    "move_learn_method": {
                        "name": "level-up",
                        "url": "/api/v2/move-learn-method/1/"
                    },
                    "version_group": {
                        "name": "ruby-sapphire",
                        "url": "/api/v2/version-group/5/"
                    }
                },
                {
                    "level_learned_at": 31,
                    "move_learn_method": {
                        "name": "level-up",
                        "url": "/api/v2/move-learn-method/1/"
                    },
                    "version_group": {
                        "name": "ruby-sapphire",
                        "url": "/api/v2/version-group/5/"
                    }
                },
                {
                    "level_learned_at": 41,
                    "move_learn_method": {
                        "name": "level-up",
                        "url": "/api/v2/move-learn-method/1/"
                    },
                    "version_group": {
                        "name": "ruby-sapphire",
                        "url": "/api/v2/version-group/5/"
                    }
                },
                {
                    "level_learned_at": 51,
                    "move_learn_method": {
                        "name": "level-up",
                        "url": "/api/v2/move-learn-method/1/"
                    },
                    "version_group": {
                        "name": "ruby-sapphire",
                        "url": "/api/v2/version-group/5/"
                    }
                },
                {
                    "level_learned_at": 61,
                    "move_learn_method": {
                        "name": "level-up",
                        "url": "/api/v2/move-learn-method/1/"
                    },
                    "version_group": {
                        "name": "ruby-sapphire",
                        "url": "/api/v2/version-group/5/"
                    }
                },
                {
                    "level_learned_at": 71,
                    "move_learn_method": {
                        "name": "level-up",
                        "url": "/api/v2/move-learn-method/1/"
                    },
                    "version_group": {
                        "name": "ruby-sapphire",
                        "url": "/api/v2/version-group/5/"
                    }
                },
                {
                    "level_learned_at": 81,
                    "move_learn_method": {
                        "name": "level-up",
                        "url": "/api/v2/move-learn-method/1/"
                    },
                    "version_group": {
                        "name": "ruby-sapphire",
                        "url": "/api/v2/version-group/5/"
                    }
                },
                {
                    "level_learned_at": 91,
                    "move_learn_method": {
                        "name": "level-up",
                        "url": "/api/v2/move-learn-method/1/"
                    },
                    "version_group": {
                        "name": "ruby-sapphire",
                        "url": "/api/v2/version-group/5/"
                    }
                },
                {
                    "level_learned_at": 1,
                    "move_learn_method": {
                        "name": "level-up",
                        "url": "/api/v2/move-learn-method/1/"
                    },
                    "version_group": {
                        "name": "emerald",
                        "url": "/api/v2/version-group/6/"
                    }
                },
                {
                    "level_learned_at": 11,
                    "move_learn_method": {
                        "name": "level-up",
                        "url": "/api/v2/move-learn-method/1/"
                    },
                    "version_group": {
                        "name": "emerald",
                        "url": "/api/v2/version-group/6/"
                    }
                },
                {
                    "level_learned_at": 21,
                    "move_learn_method": {
                        "name": "level-up",
                        "url": "/api/v2/move-learn-method/1/"
                    },
                    "version_group": {
                        "name": "emerald",
                        "url": "/api/v2/version-group/6/"
                    }
                },
                {
                    "level_learned_at": 31,
                    "move_learn_method": {
                        "name": "level-up",
                        "url": "/api/v2/move-learn-method/1/"
                    },
                    "version_group": {
                        "name": "emerald",
                        "url": "/api/v2/version-group/6/"
                    }
                },
                {
                    "level_learned_at": 41,
                    "move_learn_method": {
                        "name": "level-up",
                        "url": "/api/v2/move-learn-method/1/"
                    },
                    "version_group": {
                        "name": "emerald",
                        "url": "/api/v2/version-group/6/"
                    }
                },
                {
                    "level_learned_at": 51,
                    "move_learn_method": {
                        "name": "level-up",
                        "url": "/api/v2/move-learn-method/1/"
                    },
                    "version_group": {
                        "name": "emerald",
                        "url": "/api/v2/version-group/6/"
                    }
                },
                {
                    "level_learned_at": 61,
                    "move_learn_method": {
                        "name": "level-up",
                        "url": "/api/v2/move-learn-method/1/"
                    },
                    "version_group": {
                        "name": "emerald",
                        "url": "/api/v2/version-group/6/"
                    }
                },
                {
                    "level_learned_at": 71,
                    "move_learn_method": {
                        "name": "level-up",
                        "url": "/api/v2/move-learn-method/1/"
                    },
                    "version_group": {
                        "name": "emerald",
                        "url": "/api/v2/version-group/6/"
                    }
                },
                {
                    "level_learned_at": 81,
                    "move_learn_method": {
                        "name": "level-up",
                        "url": "/api/v2/move-learn-method/1/"
                    },
                    "version_group": {
                        "name": "emerald",
                        "url": "/api/v2/version-group/6/"
                    }
                },
                {
                    "level_learned_at": 91,
                    "move_learn_method": {
                        "name": "level-up",
                        "url": "/api/v2/move-learn-method/1/"
                    },
                    "version_group": {
                        "name": "emerald",
                        "url": "/api/v2/version-group/6/"
                    }
                },
                {
                    "level_learned_at": 1,
                    "move_learn_method": {
                        "name": "level-up",
                        "url": "/api/v2/move-learn-method/1/"
                    },
                    "version_group": {
                        "name": "firered-leafgreen",
                        "url": "/api/v2/version-group/7/"
                    }
                },
                {
                    "level_learned_at": 11,
                    "move_learn_method": {
                        "name": "level-up",
                        "url": "/api/v2/move-learn-method/1/"
                    },
                    "version_group": {
                        "name": "firered-leafgreen",
                        "url": "/api/v2/version-group/7/"
                    }
                },
                {
                    "level_learned_at": 21,
                    "move_learn_method": {
                        "name": "level-up",
                        "url": "/api/v2/move-learn-method/1/"
                    },
                    "version_group": {
                        "name": "firered-leafgreen",
                        "url": "/api/v2/version-group/7/"
                    }
                },
                {
                    "level_learned_at": 31,
                    "move_learn_method": {
                        "name": "level-up",
                        "url": "/api/v2/move-learn-method/1/"
                    },
                    "version_group": {
                        "name": "firered-leafgreen",
                        "url": "/api/v2/version-group/7/"
                    }
                },
                {
                    "level_learned_at": 41,
                    "move_learn_method": {
                        "name": "level-up",
                        "url": "/api/v2/move-learn-method/1/"
                    },
                    "version_group": {
                        "name": "firered-leafgreen",
                        "url": "/api/v2/version-group/7/"
                    }
                },
                {
                    "level_learned_at": 51,
                    "move_learn_method": {
                        "name": "level-up",
                        "url": "/api/v2/move-learn-method/1/"
                    },
                    "version_group": {
                        "name": "firered-leafgreen",
                        "url": "/api/v2/version-group/7/"
                    }
                },
                {
                    "level_learned_at": 61,
                    "move_learn_method": {
                        "name": "level-up",
                        "url": "/api/v2/move-learn-method/1/"
                    },
                    "version_group": {
                        "name": "firered-leafgreen",
                        "url": "/api/v2/version-group/7/"
                    }
                },
                {
                    "level_learned_at": 71,
                    "move_learn_method": {
                        "name": "level-up",
                        "url": "/api/v2/move-learn-method/1/"
                    },
                    "version_group": {
                        "name": "firered-leafgreen",
                        "url": "/api/v2/version-group/7/"
                    }
                },
                {
                    "level_learned_at": 81,
                    "move_learn_method": {
                        "name": "level-up",
                        "url": "/api/v2/move-learn-method/1/"
                    },
                    "version_group": {
                        "name": "firered-leafgreen",
                        "url": "/api/v2/version-group/7/"
                    }
                },
                {
                    "level_learned_at": 91,
                    "move_learn_method": {
                        "name": "level-up",
                        "url": "/api/v2/move-learn-method/1/"
                    },
                    "version_group": {
                        "name": "firered-leafgreen",
                        "url": "/api/v2/version-group/7/"
                    }
                },
                {
                    "level_learned_at": 1,
                    "move_learn_method": {
                        "name": "level-up",
                        "url": "/api/v2/move-learn-method/1/"
                    },
                    "version_group": {
                        "name": "diamond-pearl",
                        "url": "/api/v2/version-group/8/"
                    }
                },
                {
                    "level_learned_at": 11,
                    "move_learn_method": {
                        "name": "level-up",
                        "url": "/api/v2/move-learn-method/1/"
                    },
                    "version_group": {
                        "name": "diamond-pearl",
                        "url": "/api/v2/version-group/8/"
                    }
                },
                {
                    "level_learned_at": 21,
                    "move_learn_method": {
                        "name": "level-up",
                        "url": "/api/v2/move-learn-method/1/"
                    },
                    "version_group": {
                        "name": "diamond-pearl",
                        "url": "/api/v2/version-group/8/"
                    }
                },
                {
                    "level_learned_at": 31,
                    "move_learn_method": {
                        "name": "level-up",
                        "url": "/api/v2/move-learn-method/1/"
                    },
                    "version_group": {
                        "name": "diamond-pearl",
                        "url": "/api/v2/version-group/8/"
                    }
                },
                {
                    "level_learned_at": 41,
                    "move_learn_method": {
                        "name": "level-up",
                        "url": "/api/v2/move-learn-method/1/"
                    },
                    "version_group": {
                        "name": "diamond-pearl",
                        "url": "/api/v2/version-group/8/"
                    }
                },
                {
                    "level_learned_at": 51,
                    "move_learn_method": {
                        "name": "level-up",
                        "url": "/api/v2/move-learn-method/1/"
                    },
                    "version_group": {
                        "name": "diamond-pearl",
                        "url": "/api/v2/version-group/8/"
                    }
                },
                {
                    "level_learned_at": 61,
                    "move_learn_method": {
                        "name": "level-up",
                        "url": "/api/v2/move-learn-method/1/"
                    },
                    "version_group": {
                        "name": "diamond-pearl",
                        "url": "/api/v2/version-group/8/"
                    }
                },
                {
                    "level_learned_at": 71,
                    "move_learn_method": {
                        "name": "level-up",
                        "url": "/api/v2/move-learn-method/1/"
                    },
                    "version_group": {
                        "name": "diamond-pearl",
                        "url": "/api/v2/version-group/8/"
                    }
                },
                {
                    "level_learned_at": 81,
                    "move_learn_method": {
                        "name": "level-up",
                        "url": "/api/v2/move-learn-method/1/"
                    },
                    "version_group": {
                        "name": "diamond-pearl",
                        "url": "/api/v2/version-group/8/"
                    }
                },
                {
                    "level_learned_at": 91,
                    "move_learn_method": {
                        "name": "level-up",
                        "url": "/api/v2/move-learn-method/1/"
                    },
                    "version_group": {
                        "name": "diamond-pearl",
                        "url": "/api/v2/version-group/8/"
                    }
                },
                {
                    "level_learned_at": 1,
                    "move_learn_method": {
                        "name": "level-up",
                        "url": "/api/v2/move-learn-method/1/"
                    },
                    "version_group": {
                        "name": "platinum",
                        "url": "/api/v2/version-group/9/"
                    }
                },
                {
                    "level_learned_at": 11,
                    "move_learn_method": {
                        "name": "level-up",
                        "url": "/api/v2/move-learn-method/1/"
                    },
                    "version_group": {
                        "name": "platinum",
                        "url": "/api/v2/version-group/9/"
                    }
                },
                {
                    "level_learned_at": 21,
                    "move_learn_method": {
                        "name": "level-up",
                        "url": "/api/v2/move-learn-method/1/"
                    },
                    "version_group": {
                        "name": "platinum",
                        "url": "/api/v2/version-group/9/"
                    }
                },
                {
                    "level_learned_at": 31,
                    "move_learn_method": {
                        "name": "level-up",
                        "url": "/api/v2/move-learn-method/1/"
                    },
                    "version_group": {
                        "name": "platinum",
                        "url": "/api/v2/version-group/9/"
                    }
                },
                {
                    "level_learned_at": 41,
                    "move_learn_method": {
                        "name": "level-up",
                        "url": "/api/v2/move-learn-method/1/"
                    },
                    "version_group": {
                        "name": "platinum",
                        "url": "/api/v2/version-group/9/"
                    }
                },
                {
                    "level_learned_at": 51,
                    "move_learn_method": {
                        "name": "level-up",
                        "url": "/api/v2/move-learn-method/1/"
                    },
                    "version_group": {
                        "name": "platinum",
                        "url": "/api/v2/version-group/9/"
                    }
                },
                {
                    "level_learned_at": 61,
                    "move_learn_method": {
                        "name": "level-up",
                        "url": "/api/v2/move-learn-method/1/"
                    },
                    "version_group": {
                        "name": "platinum",
                        "url": "/api/v2/version-group/9/"
                    }
                },
                {
                    "level_learned_at": 71,
                    "move_learn_method": {
                        "name": "level-up",
                        "url": "/api/v2/move-learn-method/1/"
                    },
                    "version_group": {
                        "name": "platinum",
                        "url": "/api/v2/version-group/9/"
                    }
                },
                {
                    "level_learned_at": 81,
                    "move_learn_method": {
                        "name": "level-up",
                        "url": "/api/v2/move-learn-method/1/"
                    },
                    "version_group": {
                        "name": "platinum",
                        "url": "/api/v2/version-group/9/"
                    }
                },
                {
                    "level_learned_at": 91,
                    "move_learn_method": {
                        "name": "level-up",
                        "url": "/api/v2/move-learn-method/1/"
                    },
                    "version_group": {
                        "name": "platinum",
                        "url": "/api/v2/version-group/9/"
                    }
                },
                {
                    "level_learned_at": 1,
                    "move_learn_method": {
                        "name": "level-up",
                        "url": "/api/v2/move-learn-method/1/"
                    },
                    "version_group": {
                        "name": "heartgold-soulsilver",
                        "url": "/api/v2/version-group/10/"
                    }
                },
                {
                    "level_learned_at": 11,
                    "move_learn_method": {
                        "name": "level-up",
                        "url": "/api/v2/move-learn-method/1/"
                    },
                    "version_group": {
                        "name": "heartgold-soulsilver",
                        "url": "/api/v2/version-group/10/"
                    }
                },
                {
                    "level_learned_at": 21,
                    "move_learn_method": {
                        "name": "level-up",
                        "url": "/api/v2/move-learn-method/1/"
                    },
                    "version_group": {
                        "name": "heartgold-soulsilver",
                        "url": "/api/v2/version-group/10/"
                    }
                },
                {
                    "level_learned_at": 31,
                    "move_learn_method": {
                        "name": "level-up",
                        "url": "/api/v2/move-learn-method/1/"
                    },
                    "version_group": {
                        "name": "heartgold-soulsilver",
                        "url": "/api/v2/version-group/10/"
                    }
                },
                {
                    "level_learned_at": 41,
                    "move_learn_method": {
                        "name": "level-up",
                        "url": "/api/v2/move-learn-method/1/"
                    },
                    "version_group": {
                        "name": "heartgold-soulsilver",
                        "url": "/api/v2/version-group/10/"
                    }
                },
                {
                    "level_learned_at": 51,
                    "move_learn_method": {
                        "name": "level-up",
                        "url": "/api/v2/move-learn-method/1/"
                    },
                    "version_group": {
                        "name": "heartgold-soulsilver",
                        "url": "/api/v2/version-group/10/"
                    }
                },
                {
                    "level_learned_at": 61,
                    "move_learn_method": {
                        "name": "level-up",
                        "url": "/api/v2/move-learn-method/1/"
                    },
                    "version_group": {
                        "name": "heartgold-soulsilver",
                        "url": "/api/v2/version-group/10/"
                    }
                },
                {
                    "level_learned_at": 71,
                    "move_learn_method": {
                        "name": "level-up",
                        "url": "/api/v2/move-learn-method/1/"
                    },
                    "version_group": {
                        "name": "heartgold-soulsilver",
                        "url": "/api/v2/version-group/10/"
                    }
                },
                {
                    "level_learned_at": 81,
                    "move_learn_method": {
                        "name": "level-up",
                        "url": "/api/v2/move-learn-method/1/"
                    },
                    "version_group": {
                        "name": "heartgold-soulsilver",
                        "url": "/api/v2/version-group/10/"
                    }
                },
                {
                    "level_learned_at": 91,
                    "move_learn_method": {
                        "name": "level-up",
                        "url": "/api/v2/move-learn-method/1/"
                    },
                    "version_group": {
                        "name": "heartgold-soulsilver",
                        "url": "/api/v2/version-group/10/"
                    }
                },
                {
                    "level_learned_at": 1,
                    "move_learn_method": {
                        "name": "level-up",
                        "url": "/api/v2/move-learn-method/1/"
                    },
                    "version_group": {
                        "name": "black-white",
                        "url": "/api/v2/version-group/11/"
                    }
                },
                {
                    "level_learned_at": 11,
                    "move_learn_method": {
                        "name": "level-up",
                        "url": "/api/v2/move-learn-method/1/"
                    },
                    "version_group": {
                        "name": "black-white",
                        "url": "/api/v2/version-group/11/"
                    }
                },
                {
                    "level_learned_at": 21,
                    "move_learn_method": {
                        "name": "level-up",
                        "url": "/api/v2/move-learn-method/1/"
                    },
                    "version_group": {
                        "name": "black-white",
                        "url": "/api/v2/version-group/11/"
                    }
                },
                {
                    "level_learned_at": 31,
                    "move_learn_method": {
                        "name": "level-up",
                        "url": "/api/v2/move-learn-method/1/"
                    },
                    "version_group": {
                        "name": "black-white",
                        "url": "/api/v2/version-group/11/"
                    }
                },
                {
                    "level_learned_at": 41,
                    "move_learn_method": {
                        "name": "level-up",
                        "url": "/api/v2/move-learn-method/1/"
                    },
                    "version_group": {
                        "name": "black-white",
                        "url": "/api/v2/version-group/11/"
                    }
                },
                {
                    "level_learned_at": 51,
                    "move_learn_method": {
                        "name": "level-up",
                        "url": "/api/v2/move-learn-method/1/"
                    },
                    "version_group": {
                        "name": "black-white",
                        "url": "/api/v2/version-group/11/"
                    }
                },
                {
                    "level_learned_at": 61,
                    "move_learn_method": {
                        "name": "level-up",
                        "url": "/api/v2/move-learn-method/1/"
                    },
                    "version_group": {
                        "name": "black-white",
                        "url": "/api/v2/version-group/11/"
                    }
                },
                {
                    "level_learned_at": 71,
                    "move_learn_method": {
                        "name": "level-up",
                        "url": "/api/v2/move-learn-method/1/"
                    },
                    "version_group": {
                        "name": "black-white",
                        "url": "/api/v2/version-group/11/"
                    }
                },
                {
                    "level_learned_at": 81,
                    "move_learn_method": {
                        "name": "level-up",
                        "url": "/api/v2/move-learn-method/1/"
                    },
                    "version_group": {
                        "name": "black-white",
                        "url": "/api/v2/version-group/11/"
                    }
                },
                {
                    "level_learned_at": 91,
                    "move_learn_method": {
                        "name": "level-up",
                        "url": "/api/v2/move-learn-method/1/"
                    },
                    "version_group": {
                        "name": "black-white",
                        "url": "/api/v2/version-group/11/"
                    }
                },
                {
                    "level_learned_at": 1,
                    "move_learn_method": {
                        "name": "level-up",
                        "url": "/api/v2/move-learn-method/1/"
                    },
                    "version_group": {
                        "name": "colosseum",
                        "url": "/api/v2/version-group/12/"
                    }
                },
                {
                    "level_learned_at": 11,
                    "move_learn_method": {
                        "name": "level-up",
                        "url": "/api/v2/move-learn-method/1/"
                    },
                    "version_group": {
                        "name": "colosseum",
                        "url": "/api/v2/version-group/12/"
                    }
                },
                {
                    "level_learned_at": 21,
                    "move_learn_method": {
                        "name": "level-up",
                        "url": "/api/v2/move-learn-method/1/"
                    },
                    "version_group": {
                        "name": "colosseum",
                        "url": "/api/v2/version-group/12/"
                    }
                },
                {
                    "level_learned_at": 31,
                    "move_learn_method": {
                        "name": "level-up",
                        "url": "/api/v2/move-learn-method/1/"
                    },
                    "version_group": {
                        "name": "colosseum",
                        "url": "/api/v2/version-group/12/"
                    }
                },
                {
                    "level_learned_at": 41,
                    "move_learn_method": {
                        "name": "level-up",
                        "url": "/api/v2/move-learn-method/1/"
                    },
                    "version_group": {
                        "name": "colosseum",
                        "url": "/api/v2/version-group/12/"
                    }
                },
                {
                    "level_learned_at": 51,
                    "move_learn_method": {
                        "name": "level-up",
                        "url": "/api/v2/move-learn-method/1/"
                    },
                    "version_group": {
                        "name": "colosseum",
                        "url": "/api/v2/version-group/12/"
                    }
                },
                {
                    "level_learned_at": 61,
                    "move_learn_method": {
                        "name": "level-up",
                        "url": "/api/v2/move-learn-method/1/"
                    },
                    "version_group": {
                        "name": "colosseum",
                        "url": "/api/v2/version-group/12/"
                    }
                },
                {
                    "level_learned_at": 71,
                    "move_learn_method": {
                        "name": "level-up",
                        "url": "/api/v2/move-learn-method/1/"
                    },
                    "version_group": {
                        "name": "colosseum",
                        "url": "/api/v2/version-group/12/"
                    }
                },
                {
                    "level_learned_at": 81,
                    "move_learn_method": {
                        "name": "level-up",
                        "url": "/api/v2/move-learn-method/1/"
                    },
                    "version_group": {
                        "name": "colosseum",
                        "url": "/api/v2/version-group/12/"
                    }
                },
                {
                    "level_learned_at": 91,
                    "move_learn_method": {
                        "name": "level-up",
                        "url": "/api/v2/move-learn-method/1/"
                    },
                    "version_group": {
                        "name": "colosseum",
                        "url": "/api/v2/version-group/12/"
                    }
                },
                {
                    "level_learned_at": 1,
                    "move_learn_method": {
                        "name": "level-up",
                        "url": "/api/v2/move-learn-method/1/"
                    },
                    "version_group": {
                        "name": "xd",
                        "url": "/api/v2/version-group/13/"
                    }
                },
                {
                    "level_learned_at": 11,
                    "move_learn_method": {
                        "name": "level-up",
                        "url": "/api/v2/move-learn-method/1/"
                    },
                    "version_group": {
                        "name": "xd",
                        "url": "/api/v2/version-group/13/"
                    }
                },
                {
                    "level_learned_at": 21,
                    "move_learn_method": {
                        "name": "level-up",
                        "url": "/api/v2/move-learn-method/1/"
                    },
                    "version_group": {
                        "name": "xd",
                        "url": "/api/v2/version-group/13/"
                    }
                },
                {
                    "level_learned_at": 31,
                    "move_learn_method": {
                        "name": "level-up",
                        "url": "/api/v2/move-learn-method/1/"
                    },
                    "version_group": {
                        "name": "xd",
                        "url": "/api/v2/version-group/13/"
                    }
                },
                {
                    "level_learned_at": 41,
                    "move_learn_method": {
                        "name": "level-up",
                        "url": "/api/v2/move-learn-method/1/"
                    },
                    "version_group": {
                        "name": "xd",
                        "url": "/api/v2/version-group/13/"
                    }
                },
                {
                    "level_learned_at": 51,
                    "move_learn_method": {
                        "name": "level-up",
                        "url": "/api/v2/move-learn-method/1/"
                    },
                    "version_group": {
                        "name": "xd",
                        "url": "/api/v2/version-group/13/"
                    }
                },
                {
                    "level_learned_at": 61,
                    "move_learn_method": {
                        "name": "level-up",
                        "url": "/api/v2/move-learn-method/1/"
                    },
                    "version_group": {
                        "name": "xd",
                        "url": "/api/v2/version-group/13/"
                    }
                },
                {
                    "level_learned_at": 71,
                    "move_learn_method": {
                        "name": "level-up",
                        "url": "/api/v2/move-learn-method/1/"
                    },
                    "version_group": {
                        "name": "xd",
                        "url": "/api/v2/version-group/13/"
                    }
                },
                {
                    "level_learned_at": 81,
                    "move_learn_method": {
                        "name": "level-up",
                        "url": "/api/v2/move-learn-method/1/"
                    },
                    "version_group": {
                        "name": "xd",
                        "url": "/api/v2/version-group/13/"
                    }
                },
                {
                    "level_learned_at": 91,
                    "move_learn_method": {
                        "name": "level-up",
                        "url": "/api/v2/move-learn-method/1/"
                    },
                    "version_group": {
                        "name": "xd",
                        "url": "/api/v2/version-group/13/"
                    }
                },
                {
                    "level_learned_at": 1,
                    "move_learn_method": {
                        "name": "level-up",
                        "url": "/api/v2/move-learn-method/1/"
                    },
                    "version_group": {
                        "name": "black-2-white-2",
                        "url": "/api/v2/version-group/14/"
                    }
                },
                {
                    "level_learned_at": 11,
                    "move_learn_method": {
                        "name": "level-up",
                        "url": "/api/v2/move-learn-method/1/"
                    },
                    "version_group": {
                        "name": "black-2-white-2",
                        "url": "/api/v2/version-group/14/"
                    }
                },
                {
                    "level_learned_at": 21,
                    "move_learn_method": {
                        "name": "level-up",
                        "url": "/api/v2/move-learn-method/1/"
                    },
                    "version_group": {
                        "name": "black-2-white-2",
                        "url": "/api/v2/version-group/14/"
                    }
                },
                {
                    "level_learned_at": 31,
                    "move_learn_method": {
                        "name": "level-up",
                        "url": "/api/v2/move-learn-method/1/"
                    },
                    "version_group": {
                        "name": "black-2-white-2",
                        "url": "/api/v2/version-group/14/"
                    }
                },
                {
                    "level_learned_at": 41,
                    "move_learn_method": {
                        "name": "level-up",
                        "url": "/api/v2/move-learn-method/1/"
                    },
                    "version_group": {
                        "name": "black-2-white-2",
                        "url": "/api/v2/version-group/14/"
                    }
                },
                {
                    "level_learned_at": 51,
                    "move_learn_method": {
                        "name": "level-up",
                        "url": "/api/v2/move-learn-method/1/"
                    },
                    "version_group": {
                        "name": "black-2-white-2",
                        "url": "/api/v2/version-group/14/"
                    }
                },
                {
                    "level_learned_at": 61,
                    "move_learn_method": {
                        "name": "level-up",
                        "url": "/api/v2/move-learn-method/1/"
                    },
                    "version_group": {
                        "name": "black-2-white-2",
                        "url": "/api/v2/version-group/14/"
                    }
                },
                {
                    "level_learned_at": 71,
                    "move_learn_method": {
                        "name": "level-up",
                        "url": "/api/v2/move-learn-method/1/"
                    },
                    "version_group": {
                        "name": "black-2-white-2",
                        "url": "/api/v2/version-group/14/"
                    }
                },
                {
                    "level_learned_at": 81,
                    "move_learn_method": {
                        "name": "level-up",
                        "url": "/api/v2/move-learn-method/1/"
                    },
                    "version_group": {
                        "name": "black-2-white-2",
                        "url": "/api/v2/version-group/14/"
                    }
                },
                {
                    "level_learned_at": 91,
                    "move_learn_method": {
                        "name": "level-up",
                        "url": "/api/v2/move-learn-method/1/"
                    },
                    "version_group": {
                        "name": "black-2-white-2",
                        "url": "/api/v2/version-group/14/"
                    }
                },
                {
                    "level_learned_at": 1,
                    "move_learn_method": {
                        "name": "level-up",
                        "url": "/api/v2/move-learn-method/1/"
                    },
                    "version_group": {
                        "name": "x-y",
                        "url": "/api/v2/version-group/15/"
                    }
                },
                {
                    "level_learned_at": 11,
                    "move_learn_method": {
                        "name": "level-up",
                        "url": "/api/v2/move-learn-method/1/"
                    },
                    "version_group": {
                        "name": "x-y",
                        "url": "/api/v2/version-group/15/"
                    }
                },
                {
                    "level_learned_at": 21,
                    "move_learn_method": {
                        "name": "level-up",
                        "url": "/api/v2/move-learn-method/1/"
                    },
                    "version_group": {
                        "name": "x-y",
                        "url": "/api/v2/version-group/15/"
                    }
                },
                {
                    "level_learned_at": 31,
                    "move_learn_method": {
                        "name": "level-up",
                        "url": "/api/v2/move-learn-method/1/"
                    },
                    "version_group": {
                        "name": "x-y",
                        "url": "/api/v2/version-group/15/"
                    }
                },
                {
                    "level_learned_at": 41,
                    "move_learn_method": {
                        "name": "level-up",
                        "url": "/api/v2/move-learn-method/1/"
                    },
                    "version_group": {
                        "name": "x-y",
                        "url": "/api/v2/version-group/15/"
                    }
                },
                {
                    "level_learned_at": 51,
                    "move_learn_method": {
                        "name": "level-up",
                        "url": "/api/v2/move-learn-method/1/"
                    },
                    "version_group": {
                        "name": "x-y",
                        "url": "/api/v2/version-group/15/"
                    }
                },
                {
                    "level_learned_at": 61,
                    "move_learn_method": {
                        "name": "level-up",
                        "url": "/api/v2/move-learn-method/1/"
                    },
                    "version_group": {
                        "name": "x-y",
                        "url": "/api/v2/version-group/15/"
                    }
                },
                {
                    "level_learned_at": 71,
                    "move_learn_method": {
                        "name": "level-up",
                        "url": "/api/v2/move-learn-method/1/"
                    },
                    "version_group": {
                        "name": "x-y",
                        "url": "/api/v2/version-group/15/"
                    }
                },
                {
                    "level_learned_at": 81,
                    "move_learn_method": {
                        "name": "level-up",
                        "url": "/api/v2/move-learn-method/1/"
                    },
                    "version_group": {
                        "name": "x-y",
                        "url": "/api/v2/version-group/15/"
                    }
                },
                {
                    "level_learned_at": 91,
                    "move_learn_method": {
                        "name": "level-up",
                        "url": "/api/v2/move-learn-method/1/"
                    },
                    "version_group": {
                        "name": "x-y",
                        "url": "/api/v2/version-group/15/"
                    }
                },
                {
                    "level_learned_at": 1,
                    "move_learn_method": {
                        "name": "level-up",
                        "url": "/api/v2/move-learn-method/1/"
                    },
                    "version_group": {
                        "name": "omega-ruby-alpha-sapphire",
                        "url": "/api/v2/version-group/16/"
                    }
                },
                {
                    "level_learned_at": 11,
                    "move_learn_method": {
                        "name": "level-up",
                        "url": "/api/v2/move-learn-method/1/"
                    },
                    "version_group": {
                        "name": "omega-ruby-alpha-sapphire",
                        "url": "/api/v2/version-group/16/"
                    }
                },
                {
                    "level_learned_at": 21,
                    "move_learn_method": {
                        "name": "level-up",
                        "url": "/api/v2/move-learn-method/1/"
                    },
                    "version_group": {
                        "name": "omega-ruby-alpha-sapphire",
                        "url": "/api/v2/version-group/16/"
                    }
                },
                {
                    "level_learned_at": 31,
                    "move_learn_method": {
                        "name": "level-up",
                        "url": "/api/v2/move-learn-method/1/"
                    },
                    "version_group": {
                        "name": "omega-ruby-alpha-sapphire",
                        "url": "/api/v2/version-group/16/"
                    }
                },
                {
                    "level_learned_at": 41,
                    "move_learn_method": {
                        "name": "level-up",
                        "url": "/api/v2/move-learn-method/1/"
                    },
                    "version_group": {
                        "name": "omega-ruby-alpha-sapphire",
                        "url": "/api/v2/version-group/16/"
                    }
                },
                {
                    "level_learned_at": 51,
                    "move_learn_method": {
                        "name": "level-up",
                        "url": "/api/v2/move-learn-method/1/"
                    },
                    "version_group": {
                        "name": "omega-ruby-alpha-sapphire",
                        "url": "/api/v2/version-group/16/"
                    }
                },
                {
                    "level_learned_at": 61,
                    "move_learn_method": {
                        "name": "level-up",
                        "url": "/api/v2/move-learn-method/1/"
                    },
                    "version_group": {
                        "name": "omega-ruby-alpha-sapphire",
                        "url": "/api/v2/version-group/16/"
                    }
                },
                {
                    "level_learned_at": 71,
                    "move_learn_method": {
                        "name": "level-up",
                        "url": "/api/v2/move-learn-method/1/"
                    },
                    "version_group": {
                        "name": "omega-ruby-alpha-sapphire",
                        "url": "/api/v2/version-group/16/"
                    }
                },
                {
                    "level_learned_at": 81,
                    "move_learn_method": {
                        "name": "level-up",
                        "url": "/api/v2/move-learn-method/1/"
                    },
                    "version_group": {
                        "name": "omega-ruby-alpha-sapphire",
                        "url": "/api/v2/version-group/16/"
                    }
                },
                {
                    "level_learned_at": 91,
                    "move_learn_method": {
                        "name": "level-up",
                        "url": "/api/v2/move-learn-method/1/"
                    },
                    "version_group": {
                        "name": "omega-ruby-alpha-sapphire",
                        "url": "/api/v2/version-group/16/"
                    }
                },
                {
                    "level_learned_at": 1,
                    "move_learn_method": {
                        "name": "level-up",
                        "url": "/api/v2/move-learn-method/1/"
                    },
                    "version_group": {
                        "name": "sun-moon",
                        "url": "/api/v2/version-group/17/"
                    }
                },
                {
                    "level_learned_at": 11,
                    "move_learn_method": {
                        "name": "level-up",
                        "url": "/api/v2/move-learn-method/1/"
                    },
                    "version_group": {
                        "name": "sun-moon",
                        "url": "/api/v2/version-group/17/"
                    }
                },
                {
                    "level_learned_at": 21,
                    "move_learn_method": {
                        "name": "level-up",
                        "url": "/api/v2/move-learn-method/1/"
                    },
                    "version_group": {
                        "name": "sun-moon",
                        "url": "/api/v2/version-group/17/"
                    }
                },
                {
                    "level_learned_at": 31,
                    "move_learn_method": {
                        "name": "level-up",
                        "url": "/api/v2/move-learn-method/1/"
                    },
                    "version_group": {
                        "name": "sun-moon",
                        "url": "/api/v2/version-group/17/"
                    }
                },
                {
                    "level_learned_at": 41,
                    "move_learn_method": {
                        "name": "level-up",
                        "url": "/api/v2/move-learn-method/1/"
                    },
                    "version_group": {
                        "name": "sun-moon",
                        "url": "/api/v2/version-group/17/"
                    }
                },
                {
                    "level_learned_at": 51,
                    "move_learn_method": {
                        "name": "level-up",
                        "url": "/api/v2/move-learn-method/1/"
                    },
                    "version_group": {
                        "name": "sun-moon",
                        "url": "/api/v2/version-group/17/"
                    }
                },
                {
                    "level_learned_at": 61,
                    "move_learn_method": {
                        "name": "level-up",
                        "url": "/api/v2/move-learn-method/1/"
                    },
                    "version_group": {
                        "name": "sun-moon",
                        "url": "/api/v2/version-group/17/"
                    }
                },
                {
                    "level_learned_at": 71,
                    "move_learn_method": {
                        "name": "level-up",
                        "url": "/api/v2/move-learn-method/1/"
                    },
                    "version_group": {
                        "name": "sun-moon",
                        "url": "/api/v2/version-group/17/"
                    }
                },
                {
                    "level_learned_at": 81,
                    "move_learn_method": {
                        "name": "level-up",
                        "url": "/api/v2/move-learn-method/1/"
                    },
                    "version_group": {
                        "name": "sun-moon",
                        "url": "/api/v2/version-group/17/"
                    }
                },
                {
                    "level_learned_at": 91,
                    "move_learn_method": {
                        "name": "level-up",
                        "url": "/api/v2/move-learn-method/1/"
                    },
                    "version_group": {
                        "name": "sun-moon",
                        "url": "/api/v2/version-group/17/"
                    }
                },
                {
                    "level_learned_at": 1,
                    "move_learn_method": {
                        "name": "level-up",
                        "url": "/api/v2/move-learn-method/1/"
                    },
                    "version_group": {
                        "name": "ultra-sun-ultra-moon",
                        "url": "/api/v2/version-group/18/"
                    }
                },
                {
                    "level_learned_at": 11,
                    "move_learn_method": {
                        "name": "level-up",
                        "url": "/api/v2/move-learn-method/1/"
                    },
                    "version_group": {
                        "name": "ultra-sun-ultra-moon",
                        "url": "/api/v2/version-group/18/"
                    }
                },
                {
                    "level_learned_at": 21,
                    "move_learn_method": {
                        "name": "level-up",
                        "url": "/api/v2/move-learn-method/1/"
                    },
                    "version_group": {
                        "name": "ultra-sun-ultra-moon",
                        "url": "/api/v2/version-group/18/"
                    }
                },
                {
                    "level_learned_at": 31,
                    "move_learn_method": {
                        "name": "level-up",
                        "url": "/api/v2/move-learn-method/1/"
                    },
                    "version_group": {
                        "name": "ultra-sun-ultra-moon",
                        "url": "/api/v2/version-group/18/"
                    }
                },
                {
                    "level_learned_at": 41,
                    "move_learn_method": {
                        "name": "level-up",
                        "url": "/api/v2/move-learn-method/1/"
                    },
                    "version_group": {
                        "name": "ultra-sun-ultra-moon",
                        "url": "/api/v2/version-group/18/"
                    }
                },
                {
                    "level_learned_at": 51,
                    "move_learn_method": {
                        "name": "level-up",
                        "url": "/api/v2/move-learn-method/1/"
                    },
                    "version_group": {
                        "name": "ultra-sun-ultra-moon",
                        "url": "/api/v2/version-group/18/"
                    }
                },
                {
                    "level_learned_at": 61,
                    "move_learn_method": {
                        "name": "level-up",
                        "url": "/api/v2/move-learn-method/1/"
                    },
                    "version_group": {
                        "name": "ultra-sun-ultra-moon",
                        "url": "/api/v2/version-group/18/"
                    }
                },
                {
                    "level_learned_at": 71,
                    "move_learn_method": {
                        "name": "level-up",
                        "url": "/api/v2/move-learn-method/1/"
                    },
                    "version_group": {
                        "name": "ultra-sun-ultra-moon",
                        "url": "/api/v2/version-group/18/"
                    }
                },
                {
                    "level_learned_at": 81,
                    "move_learn_method": {
                        "name": "level-up",
                        "url": "/api/v2/move-learn-method/1/"
                    },
                    "version_group": {
                        "name": "ultra-sun-ultra-moon",
                        "url": "/api/v2/version-group/18/"
                    }
                },
                {
                    "level_learned_at": 91,
                    "move_learn_method": {
                        "name": "level-up",
                        "url": "/api/v2/move-learn-method/1/"
                    },
                    "version_group": {
                        "name": "ultra-sun-ultra-moon",
                        "url": "/api/v2/version-group/18/"
                    }
                }
            ]
        }
    ],
    "name": "smeargle",
    "order": 319,
    "species": {
        "name": "smeargle",
        "url": "/api/v2/pokemon-species/235/"
    },
    "sprites": {
        "back_default": "https://raw.githubusercontent.com/PokeAPI/sprites/master/sprites/pokemon/back/235.png",
        "back_female": null,
        "back_shiny": "https://raw.githubusercontent.com/PokeAPI/sprites/master/sprites/pokemon/back/shiny/235.png",
        "back_shiny_female": null,
        "front_default": "https://raw.githubusercontent.com/PokeAPI/sprites/master/sprites/pokemon/235.png",
        "front_female": null,
        "front_shiny": "https://raw.githubusercontent.com/PokeAPI/sprites/master/sprites/pokemon/shiny/235.png",
        "front_shiny_female": null
    },
    "stats": [
        {
            "base_stat": 55,
            "effort": 0,
            "stat": {
                "name": "hp",
                "url": "/api/v2/stat/1/"
            }
        },
        {
            "base_stat": 20,
            "effort": 0,
            "stat": {
                "name": "attack",
                "url": "/api/v2/stat/2/"
            }
        },
        {
            "base_stat": 35,
            "effort": 0,
            "stat": {
                "name": "defense",
                "url": "/api/v2/stat/3/"
            }
        },
        {
            "base_stat": 20,
            "effort": 0,
            "stat": {
                "name": "special-attack",
                "url": "/api/v2/stat/4/"
            }
        },
        {
            "base_stat": 45,
            "effort": 0,
            "stat": {
                "name": "special-defense",
                "url": "/api/v2/stat/5/"
            }
        },
        {
            "base_stat": 75,
            "effort": 1,
            "stat": {
                "name": "speed",
                "url": "/api/v2/stat/6/"
            }
        }
    ],
    "types": [
        {
            "slot": 1,
            "type": {
                "name": "normal",
                "url": "/api/v2/type/1/"
            }
        }
    ],
    "weight": 580
}